code régime;caisse gestionnaire;centre gestionnaire;libellé;régime;organisme destinataire;code centre informatique;adresse 1;adresse 2;commune;code postal;cédex;téléphone;fax
01;011;0000;BOURG EN BRESSE;Régime Général;011;016;1 Place de la Grenouillère;;BOURG en BRESSE;01015;CEDEX;3646;04 74 45 84 00
01;021;0000;CPAM de l Aisne;Régime Général;021;011;2 rue Charles Péguy;;LAON;02009;CEDEX;0 820 904 229;03 23 26 23 16
01;022;0000;ST QUENTIN;Régime Général;022;011;29, Boulevard Roosevelt;BP 606;SAINT QUENTIN;02323;CEDEX;03 23 08 41 41;
01;031;0000;MOULINS;Régime Général;031;016;9-11, Rue Achille Roche;;MOULINS;03010;CEDEX;04 70 48 37 00;
01;041;0000;DIGNE;Régime Général;041;021;3 rue Alphonse Richard;;DIGNE les BAINS;04010;CEDEX;04 92 30 25 50;04 92 30 24 45
01;051;0000;GAP;Régime Général;051;021;10, Boulevard G. Pompidou;;GAP;05012;CEDEX;04 92 53 11 91;04.92.51.38.70
01;061;0000;NICE;Régime Général;061;021;48 Av. Roi Robert Comte de Provence;;NICE;06100;;3646;04 93 98 02 42
01;071;0000;ANNONAY;Régime Général;071;016;27, Avenue de l'Europe;;ANNONAY;07108;CEDEX;04 75 69 13 24;04 75 67 07 78
01;072;0000;CPAM de l Ardeche;Régime Général;072;016;6, Avenue de l'Europe Unie;;PRIVAS;07007;CEDEX;04 75 66 52 22;04 75 66 52 09
01;081;0000;CHARLEVILLE MEZIERES;Régime Général;081;013;14, Avenue G. Corneau;;CHARLEVILLE MEZIERES;08101;CEDEX;0 820 904 148;
01;091;0000;FOIX;Régime Général;091;002;1, Avenue de Sibian;;FOIX;09015;CEDEX;05 61 65 74 00;05 61 02 92 99
01;101;0000;TROYES;Régime Général;101;013;113, Rue Etienne Pédron;CS 90500;TROYES;10030;CEDEX;3646;
01;111;0000;CARCASSONNE;Régime Général;111;002;2, Allée de Bezons;;CARCASSONNE;11017;CEDEX 9;04 68 77 76 00;
01;121;0000;RODEZ;Régime Général;121;002;Avenue de Bamberg;;RODEZ;12020;CEDEX 9;0 811 709 012;
01;131;0000;MARSEILLE;Régime Général;131;021;56, Chemin Joseph Aiguier;;MARSEILLE;13297;CEDEX 9;04 91 83 70 00;
01;141;0000;CAEN;Régime Général;141;001;Boulevard du Général Weygand;BP 6048;CAEN;14031;CEDEX;02 31 45 71 20;02 31 15 18 53
01;151;0000;AURILLAC;Régime Général;151;016;15, Rue Pierre Marty;;AURILLAC;15010;CEDEX;04 71 46 57 00;
01;161;0000;ANGOULEME;Régime Général;161;008;Boulevard de Bury;;ANGOULEME;16910;CEDEX 9;0820904143;0545943609
01;171;0000;LA ROCHELLE;Régime Général;171;008;55-57, Rue de Suède;;LA ROCHELLE;17014;CEDEX;05 46 51 66 42;05 46 51 66 46
01;181;0000;BOURGES;Régime Général;181;008;Boulevard de la République;;BOURGES;18030;CEDEX 9;0 820 904 180;02 48 55 49 62
01;191;0000;TULLE;Régime Général;191;008;6 Rue Souham;;TULLE;19033;CEDEX;0820904133;
01;201;0000;AJACCIO;Régime Général;201;021;Boulevard Abbé Recco Les Paludes;BP 910;AJACCIO;20702;CEDEX 9;04 95 23 52 00;04 95 20 64 74
01;202;0000;BASTIA;Régime Général;202;021;5 avenue Jean Zuccarelli;;BASTIA;20406;CEDEX;36.46;
01;211;0000;DIJON;Régime Général;211;010;BP 34548;;DIJON;21045;CEDEX;0380593759;
01;221;0000;ST BRIEUC;Régime Général;221;018;106, Boulevard Hoche;;SAINT-BRIEUC;22024;CEDEX 1;0 820 904 179;
01;231;0000;GUERET;Régime Général;231;008;Rue Marcel Brunet;;GUERET;23014;CEDEX;05 55 41 23 00;05 55 41 23 13
01;241;0000;PERIGUEUX;Régime Général;241;005;50, Rue Claude Bernard;;PERIGUEUX;24910;CEDEX  9;05 53 35 60 00;05 53 35 61 30
01;251;0000;CPAM du Doubs;Régime Général;251;010;2, Rue Denis Papin;;BESANCON;25036;CEDEX;0 811 70 90 25;
01;252;0000;MONTBELIARD;Régime Général;252;010;3, Avenue Léon Blum;;MONTBELIARD;25215;CEDEX;03 81 99 12 02;03 81 99 13 19
01;261;0000;VALENCE;Régime Général;261;016;Avenue du Président Herriot;BP 1000;VALENCE;26024;CEDEX;3646;04 75 75 52 23
01;271;0000;EVREUX;Régime Général;271;001;1bis, Place Saint Taurin;;EVREUX;27030;CEDEX;36 46;
01;281;0000;CHARTRES;Régime Général;281;008;11, Rue du Docteur André Haye;;CHARTRES;28034;CEDEX;0 820 904 101;
01;291;0000;CPAM du Finistere;Régime Général;291;018;Rue de Savoie;;BREST;29282;CEDEX;3646;02 98 34 53 00
01;292;0000;QUIMPER;Régime Général;292;018;Rue de la République;Cité du Guerlac'h - BP 515;QUIMPER;29192;CEDEX;02 98 76 41 41;
01;301;0000;NIMES;Régime Général;301;002;14, Rue du Cirque Romain;;NIMES;30921;CEDEX 9;04 66 76 62 62;
01;311;0000;TOULOUSE;Régime Général;311;002;3 Bld Prof. Léopold Escande;;TOULOUSE;31093;CEDEX 9;05.62.73.81.20;
01;321;0000;AUCH;Régime Général;321;002;11, Rue de Châteaudun;;AUCH;32012;CEDEX;0 820 904 134;05 62 61 61 78
01;331;0000;BORDEAUX;Régime Général;331;005;Cité du Grand Parc;Place de l'Europe;BORDEAUX;33085;CEDEX;3646;05 56 11 54 15
01;341;0000;BEZIERS;Régime Général;341;002;Place du Général de Gaulle;BP 743;BEZIERS;34523;CEDEX;04 67 49 72 72;
01;342;0000;CPAM de l Herault;Régime Général;342;002;29, Cours Gambetta;;MONTPELLIER;34934;CEDEX 9;04 99 52 53 52;
01;351;0000;RENNES;Régime Général;351;018;Cours des Alliés;BP 34 A;RENNES;35024;CEDEX 9;02 23 42 31 32;02 23 42 31 30
01;361;0000;CHATEAUROUX;Régime Général;361;008;14 rue Claude Nicolas Ledoux;;CHATEAUROUX;36026;CEDEX;0 820 904 181;02 54 07 37 48
01;371;0000;TOURS;Régime Général;371;008;Cité Administrative du Champ Girault;36 Rue Edouard Vaillant;TOURS;37035;CEDEX  9;36 46;
01;381;0000;CPAM de l Isere;Régime Général;381;025;2, Rue des Alliés;;GRENOBLE;38045;CEDEX 9;04 76 68 50 50;04 76 68 50 48
01;382;0000;VIENNE;Régime Général;382;016;1, Place Saint Pierre;BP 196;VIENNE;38211;CEDEX;04 74 31 41 51;04 74 85 09 93
01;391;0000;LONS LE SAUNIER;Régime Général;391;010;8, Rue des Lilas;;LONS le SAUNIER;39031;CEDEX;03 84 87 31 98;03 84 24 98 76
01;401;0000;MONT DE MARSAN;Régime Général;401;005;207, Rue Fontainebleau;;MONT de MARSAN;40013;CEDEX;05 58 06 62 00;
01;411;0000;BLOIS;Régime Général;411;008;6, Rue Louis Armand;;BLOIS;41022;CEDEX;36 46;02.54.50.16.24
01;421;0000;ROANNE;Régime Général;421;016;26, Place des Promenades Populle;;ROANNE;42321;CEDEX;0 820 904 123;
01;422;0000;CPAM de la Loire;Régime Général;422;016;3, Avenue du Pdt Emile Loubet;;SAINT ETIENNE;42027;CEDEX 1;04 77 42 20 00;
01;431;0000;LE PUY;Régime Général;431;016;10, Avenue André Soulier;BP 324;LE PUY EN VELAY;43011;CEDEX;04 71 07 58 88;
01;441;0000;CPAM de Loire-Atlantique;Régime Général;441;023;9, Rue Gaëtan Rondeau;;NANTES;44958;CEDEX 9;0811709044;
01;442;0000;ST NAZAIRE;Régime Général;442;023;9 rue Gaëtan Rondeau;;NANTES;44958;CEDEX 9;0811709044;
01;451;0000;ORLEANS;Régime Général;451;008;Place du Général de Gaulle;;ORLEANS;45021;CEDEX 1;02 38 79 47 00;
01;461;0000;CAHORS;Régime Général;461;002;238 rue Hautesserre;;CAHORS;46015;CEDEX 9;05 65 20 40 40;
01;471;0000;AGEN;Régime Général;471;005;2, Rue Diderot;Place Armand Fallières;AGEN;47914;CEDEX 9;05 53 69 11 14;05 53 69 10 59
01;481;0000;MENDE;Régime Général;481;002;Quartier des Carmes;BP 26 ;MENDE;48006;CEDEX;04 66 49 56 80;
01;491;0000;CPAM de Maine et Loire;Régime Général;491;023;32 Rue Louis Gain;;ANGERS;49037;CEDEX 01;0820 904 158;02 41 81 76 00
01;492;0000;CHOLET;Régime Général;492;023;2, Rue Saint Eloi;BP 311;CHOLET;49328;CEDEX;02 41 71 37 45;02 41 71 37 46
01;501;0000;ST LO;Régime Général;501;001;Montée du Bois André;;SAINT LO;50012;CEDEX;02 33 06 58 00;
01;511;0000;REIMS;Régime Général;511;013;14-16, Rue du Ruisselet;;REIMS;51086;CEDEX;03 26 84 40 40;
01;521;0000;CHAUMONT;Régime Général;521;013;18, Bld Maréchal de Lattre de Tassigny;BP 2028;CHAUMONT;52915;CEDEX 9;03 25 02 85 85;
01;531;0000;LAVAL;Régime Général;531;023;37, boulevard Montmorency;;LAVAL;53084;CEDEX 9;0 820 904 137;02 43 53 30 43
01;541;0000;LONGWY;Régime Général;541;013;3, boulevard Joffre;;NANCY;54047;CEDEX;03 83 85 50 00;03 83 32 27 19
01;542;0000;CPAM de Meurthe et Moselle;Régime Général;542;013;9, Boulevard Joffre;;NANCY;54047;CEDEX;03 83 85 50 00;03 83 32 27 19
01;551;0000;BAR LE DUC;Régime Général;551;013;1, Rue de Polval;Case off. n°9;BAR le DUC;55015;CEDEX;0 820 904 165;
01;561;0000;VANNES;Régime Général;561;018;;BP 20321;VANNES;56021;CEDEX;3646;
01;571;0000;CPAM de Moselle;Régime Général;571;017;18-22, Rue Haute Seille;BP 21001;METZ;57751;CEDEX 9;03 87 39 36 36;
01;572;0000;SARREGUEMINES;Régime Général;572;017;2, Rue de l'Ecole;BP 31169;SARREGUEMINES;57217;CEDEX;03 87 95 80 00;
01;573;0000;THIONVILLE;Régime Général;573;017;2, Allée Bel Air;BP 50351;THIONVILLE;57128;CEDEX;03 82 55 94 00;03 82 55 94 99
01;581;0000;NEVERS;Régime Général;581;010;50, Rue Paul Vaillant Couturier;;NEVERS;58025;CEDEX;3646;
01;591;0000;ARMENTIERES;Régime Général;591;011;6, Rue des Nieulles;BP 121;ARMENTIERES;59428;CEDEX;03 20 44 39 39;
01;592;0000;CAMBRAI;Régime Général;592;011;10, Rue Saint Lazare;;CAMBRAI;59408;CEDEX;03 27 73 59 59;
01;593;0000;DOUAI;Régime Général;593;011;125, Rue Saint Sulpice;BP 821;DOUAI;59508;CEDEX;03 27 93 35 35;
01;594;0000;CPAM des Flandres-Dunkerque-Armentieres;Régime Général;594;011;2 Rue de la Batellerie;BP 4523;DUNKERQUE;59386;CEDEX 1;03 28 26 39 39;03 28 26 38 80
01;595;0000;CPAM de Lille-Douai;Régime Général;595;011;2, Rue d'Iéna;BP 01;LILLE;59895;CEDEX 9;03 20 42 72 91;03 20 42 72 97
01;596;0000;MAUBEUGE;Régime Général;596;011;24 rue de la Croix;BP 78;MAUBEUGE;59607;CEDEX;03 27 69 52 52;
01;597;0000;CPAM de Roubaix-Tourcoing;Régime Général;597;011;6, Rue Rémi Cogghe;BP 769;ROUBAIX;59065;CEDEX 1;3646;
01;598;0000;TOURCOING;Régime Général;598;011;2 Place Sébastopol;BP 700;TOURCOING;59208;CEDEX;03 20 25 72 00;03 20 25 72 69
01;599;0000;CPAM du Hainaut;Régime Général;599;011;63, rue du Rempart;BP 499;VALENCIENNES;59321;CEDEX;03 27 23 95 95;
01;601;0000;CPAM de l Oise;Régime Général;601;011;Rue de Savoie;;BEAUVAIS;60013;CEDEX;03 44 10 12 52;03 44 10 11 50
01;602;0000;CREIL;Régime Général;602;011;Rue Ribot;BP 201;CREIL;60313;CEDEX;03 44 61 70 84;03 44 24 34 36
01;611;0000;ALENCON;Régime Général;611;001;34, Place du Général Bonet;;ALENCON;61012;CEDEX;0 820 904 161;02 33 32 36 40
01;621;0000;ARRAS;Régime Général;621;011;Boulevard Allende;;ARRAS;62014;CEDEX;03 21 22 96 13;
01;622;0000;BOULOGNE SUR MER;Régime Général;622;011;47, Boulevard Mariette;BP 489;BOULOGNE sur MER;62321;CEDEX;03 21 87 70 00;03 21 87 70 46
01;623;0000;CPAM de la Cote d Opale;Régime Général;623;011;35, Rue Descartes;;CALAIS;62108;CEDEX;03 21 46 84 00;03 21 97 81 47
01;624;0000;CPAM de l Artois;Régime Général;624;011;11 boulevard du Président Allendé;;ARRAS Cedex;62014;;03 21 14 07 10;03 21 14 05 74
01;631;0000;CLERMONT FERRAND;Régime Général;631;016;Cité Administrative;Rue Pélissier;CLERMONT-FERRAND;63031;CEDEX 9;0820904145;0473425570
01;641;0000;BAYONNE;Régime Général;641;005;68-72, Allées Marines;;BAYONNE;64111;CEDEX;05 59 52 73 00;
01;642;0000;PAU;Régime Général;642;005;26 bis Avenue des Lilas;;PAU;64022;CEDEX 9;05 59 90 30 00;
01;651;0000;TARBES;Régime Général;651;002;8, Place au Bois;;TARBES;65021;CEDEX 9;0820 904 135;05 62 34 49 34
01;661;0000;PERPIGNAN;Régime Général;661;002;BP 89928;;PERPIGNAN;66013;9;3646;04.68.35.96.96
01;671;0000;HAGUENAU;Régime Général;671;017;17, Rue du Maréchal Joffre;;HAGUENAU;67505;CEDEX;03 88 63 45 00;
01;672;0000;SELESTAT;Régime Général;672;017;2, Avenue Schweisguth;;SELESTAT;67605;CEDEX;0820904152;
01;673;0000;CPAM du Bas-Rhin;Régime Général;673;017;16, Rue de Lausanne;BP 408 R 2;STRASBOURG;67090;CEDEX;0811 709 067;
01;681;0000;COLMAR;Régime Général;681;017;19, Boulevard du Champ de Mars;BP 40454;COLMAR;68022;CEDEX;03 89 21 78 23 / 24;03 89 21 77 04
01;682;0000;CPAM du Haut-Rhin;Régime Général;682;017;19, bd du Champ de Mars;BP 40454;COLMAR;68022;CEDEX;03 89 46 97 00;
01;691;0000;CPAM du Rhone;Régime Général;691;025;CPAM de LYON;;LYON;69907;CEDEX 20;0 811 709 069;
01;692;0000;VILLEFRANCHE SUR SAONE;Régime Général;692;016;137, Boulevard Gambetta;BP 472;VILLEFRANCHE sur SAONE;69666;CEDEX;0 820 904 116;
01;701;0000;VESOUL;Régime Général;701;010;9, Boulevard des Alliés;BP 439;VESOUL;70020;CEDEX;03 84 97 72 72;
01;711;0000;MACON;Régime Général;711;010;113, Rue de Paris;;MACON;71022;CEDEX 09;03 85 39 73 35;03 85 39 73 48
01;721;0000;LE MANS;Régime Général;721;023;178, Avenue Bollée;;LE MANS;72033;CEDEX 9;0 811 709 072;02 43 50 75 37
01;731;0000;CHAMBERY;Régime Général;731;025;5, Avenue Jean Jaurès;;CHAMBERY;73015;CEDEX;04 79 96 81 00;04 79 96 45 09
01;741;0000;ANNECY;Régime Général;741;016;Service Informatique de Production;2 rue Robert Schuman;ANNECY;74984;CEDEX 9;04 50 88 68 18;04 50 88 52 74
01;751;0000;PARIS;Régime Général;751;036;21 rue Georges Auric;;PARIS;75948;CEDEX 19;01 53 38 70 00;01 53 38 73 47
01;759;0000;CRAMIF Ile de France;Régime Général;759;004;;;;;;;
01;761;0000;DIEPPE;Régime Général;761;001;Boulevard Georges Clémenceau;;DIEPPE;76882;CEDEX;02 35 04 78 00;
01;762;0000;ELBEUF;Régime Général;762;001;Rue de la Prairie;BP400;ELBEUF SUR SEINE;76504;CEDEX;02 32 96 92 69;02 35 81 64 06
01;763;0000;LE HAVRE;Régime Général;763;001;222, Boulevard de Strasbourg;;LE HAVRE;76094;CEDEX;02 32 74 80 00;02 32 74 80 08
01;764;0000;CPAM de Rouen-Elbeuf-Dieppe-Seine-Maritime;Régime Général;764;001;50, Avenue de Bretagne;;ROUEN;76039;CEDEX;02 35 03 63 63;
01;771;0000;MELUN RUBELLES;Régime Général;771;004;;;MARNE LA VALLEE;77605;CEDEX 03;36 46;
01;781;0000;VERSAILLES;Régime Général;781;036;92, Avenue de Paris;BP 204;VERSAILLES;78014;CEDEX;01 39 20 30 00;
01;789;0000;MGP;Mutuelle Générale de la Police - MGP;789;064;;;;;;;
01;791;0000;NIORT;Régime Général;791;008;Parc d'activités de l'Ebaupin;1 rue de l'Angélique;NIORT;79041;CEDEX;05 49 77 30 00;
01;801;0000;AMIENS;Régime Général;801;011;642 rue de Cagny;;AMIENS;80033;CEDEX;03 22 97 50 00;
01;811;0000;ALBI;Régime Général;811;002;5 Place Lapérouse;;ALBI;81016;CEDEX 9;0 811 709 081;0563487057
01;821;0000;MONTAUBAN;Régime Général;821;002;592, boulevard Blaise Doumerc;BP 778;MONTAUBAN;82015;CEDEX;0820904118;05 63 21 39 08
01;831;0000;TOULON;Régime Général;831;021;Rue Emile Ollivier;BP 328;TOULON;83082;CEDEX;04 94 46 87 00;
01;841;0000;AVIGNON;Régime Général;841;021;7, Rue François 1er;;AVIGNON;84043;CEDEX 9;0 811 709 084;
01;851;0000;LA ROCHE SUR YON;Régime Général;851;023;Rue Alain;;LA ROCHE sur YON;85031;CEDEX;0811709098;02 51 44 18 00
01;861;0000;POITIERS;Régime Général;861;008;41, Rue du Touffenet;;POITIERS;86043;CEDEX9;05 49 44 59 97;
01;871;0000;LIMOGES;Régime Général;871;008;22, Avenue Jean Gagnant;;LIMOGES;87037;CEDEX;05 55 45 87 87;
01;881;0000;EPINAL;Régime Général;881;013;14, Rue de la Clé d'Or;BP 584;EPINAL;88015;CEDEX;0820904166;0329643419
01;891;0000;AUXERRE;Régime Général;891;010;1 et 3, Rue du Moulin;;AUXERRE;89024;CEDEX;0 820 904 167;03 86 83 42 99
01;901;0000;BELFORT;Régime Général;901;010;12, Rue du Général Strolz;;BELFORT;90021;CEDEX;03 84 46 53 53;
01;909;0000;La Mutuelle Des Etudiants;Régime Général;909;075;LMDE Assurance Maladie;;RENNES;35070;CEDEX 9;0811 709 730;
01;911;0000;EVRY;Régime Général;911;004;Boulevard François Mitterrand;;EVRY;91039;CEDEX;01 60 79 79 79;
01;921;0000;NANTERRE;Régime Général;921;036;113, Rue des Trois Fontanot;;NANTERRE;92026;CEDEX;01 41 45 20 00;
01;931;0000;BOBIGNY;Régime Général;931;004;195, Avenue Paul Vaillant Couturier;;BOBIGNY;93014;CEDEX;01 48 96 48 48;
01;941;0000;CRETEIL;Régime Général;941;004;1 à 9, Avenue du Général de Gaulle;;CRETEIL;94031;CEDEX;01 43 99 33 33;
01;951;0000;CERGY PONTOISE;Régime Général;951;036;Immeuble Les Marjoberts;2, Rue des Chauffours;CERGY-PONTOISE;95017;CEDEX;01 34 22 22 22;01 30 32 51 57
01;971;0000;POINTE A PITRE;Régime Général;971;026;Quartier de l'Hôtel de Ville;BP 486;POINTE A PITRE;97159;CEDEX;05 90 90 50 00;
01;972;0000;FORT DE FRANCE;Régime Général;972;026;Place d'Armes;;LE LAMENTIN;97210;CEDEX 2;05 96 51 00 08;
01;973;0000;CAYENNE;Régime Général;973;026;Espace Turenne Radamonthe;Route de Raban;CAYENNE;97307;CEDEX;05 94 39 60 00;
01;974;0000;SAINT DENIS;Régime Général;974;027;4 Boulevard Doret;;SAINT DENIS;97704;CEDEX 9;02 62 40 33 40;
01;976;0000;MAYOTTE;Régime Général;976;007;;;;;;;
01;999;0000;Caisse de TEST;(Aucun : serveur de test);999;999;;;;;;;
02;011;0000;BOURG EN BRESSE;Régime Agricole;011;011;15, avenue du Champs de Foire;;Bourg en Bresse ;01059;CEDEX 9 ;04 74 45 99 00 ;04 74 45 98 98
02;015;0000;BOURG EN BRESSE;Régime Agricole;011;011;15, avenue du Champs de Foire;;Bourg en Bresse ;01059;Cédex 9 ;04 74 45 99 00;04 74 45 98 98
02;021;0000;LAON;Régime Agricole;021;591;rue turgot;;LAON;02008;CEDEX 9 ;03.23.23.65.00 ;03.23.79.62.56
02;022;0000;LAON;Régime Agricole;022;591;46, rue de Crécy;;LAON;02007;CEDEX;03 23 23 18 10;
02;025;0000;LAON;Régime Agricole;021;591;rue turgot;;LAON;02008;CEDEX 9 ;03.23.23.65.00 ;03.23.79.62.56
02;031;0000;MOULINS;Régime Agricole;031;031;20. avenue Meunier;B.P. 350 ;MOULINS;03011;CEDEX ;04.70.35.36.37 ;04.70.35.35.35
02;032;0000;MOULINS;Régime Agricole;032;752;21, Cours Jean Jaurès;;MOULINS;03000;;04 70 20 08 20;
02;035;0000;MOULINS;Régime Agricole;031;031;20. avenue Meunier;B.P. 350 ;MOULINS;03011;CEDEX;04.70.35.36.37 ;04.70.35.35.35
02;051;0000;GAP;Régime Agricole;051;301;25 B Avenue Commandant Dumont;B.P. 79 ;GAP;05015;CEDEX;04.92.40.11.00;04.92.51.49.23
02;055;0000;GAP;Régime Agricole;051;301;25 B Avenue Commandant Dumont;B.P. 79 ;GAP;05015;CEDEX;04.92.40.11.00;04.92.51.49.23
02;061;0000;NICE;Régime Agricole;061;381;32. avenue de la Lanterne;;NICE;06044;CEDEX;04.93.72.68.00 ;04.93.72.69.00
02;065;0000;NICE;Régime Agricole;061;381;32. avenue de la Lanterne;;NICE;06044;CEDEX;04.93.72.68.00 ;04.93.72.69.00
02;071;0000;PRIVAS;Régime Agricole;071;381;5. avenue du Vanel;B.P. 614 ;PRIVAS;07006;CEDEX;04.75.66.42.00 ;04.75.64.08.69
02;075;0000;PRIVAS;Régime Agricole;071;381;5. avenue du Vanel;B.P. 614 ;PRIVAS;07006;CEDEX;04.75.66.42.00 ;04.75.64.08.69
02;081;0000;CHARLEVILLE;Régime Agricole;081;541;30, Av. Jean-Jaurès;;CHARLEVILLE MEZIERES ;08108;;03 24 59 52 72 ;03 24 59 52 98
02;085;0000;CHARLEVILLE;Régime Agricole;081;541;30, Av. Jean-Jaurès;;CHARLEVILLE MEZIERES ;08108;;03 24 59 52 72 ;03 24 59 52 98
02;091;0000;FOIX;Régime Agricole;091;821;26. Allées-de-Villote;;FOIX;09002;CEDEX;05.61.65.30.55 ;05.61.02.66.52
02;095;0000;FOIX;Régime Agricole;091;821;26. Allées-de-Villote;;FOIX;09002;CEDEX;05.61.65.30.55 ;05.61.02.66.52
02;101;0000;TROYES;Régime Agricole;101;541;1 avenue du Maréchal Joffre;;TROYES;10032;CEDEX;03.25.43.54.00 ;03.25.43.54.74
02;102;0000;TROYES;Régime Agricole;102;541;127, rue Emile Zola;;TROYES;10000;;03 25 72 55 50;03 25 72 55 52
02;105;0000;TROYES;Régime Agricole;101;541;1 avenue du Maréchal Joffre;;TROYES;10032;CEDEX;03.25.43.54.00 ;03.25.43.54.74
02;111;0000;CARCASSONNE;Régime Agricole;111;821;6.  rue du Palais;B.P. 854 ;CARCASSONNE;11011;CEDEX;04.68.11.77.11 ;04.68.47.84.82
02;115;0000;CARCASSONNE;Régime Agricole;111;821;6.  rue du Palais;B.P. 854 ;CARCASSONNE;11011;CEDEX;04.68.11.77.11 ;04.68.47.84.82
02;121;0000;RODEZ;Régime Agricole;121;821;15-17. avenue Victor Hugo;;RODEZ;12022;CEDEX;05.63.48.40.40 ;05.63.48.40.99
02;122;0000;RODEZ;Régime Agricole;122;821;Résidence Le Médicis;6 avenue de l'Hôpital    BOURRAN;RODEZ;12000;;05 65 68 60 11;
02;125;0000;RODEZ;Régime Agricole;121;821;15-17. avenue Victor Hugo;;RODEZ;12022;CEDEX;05.63.48.40.40 ;05.63.48.40.99
02;131;0000;MARSEILLE;Régime Agricole;131;131;152, avenue de Hambourg;;MARSEILLE;13416;CEDEX 08 ;04.91.16.58.58 ;04.91.72.28.01
02;135;0000;MARSEILLE;Régime Agricole;131;131;152, avenue de Hambourg;;MARSEILLE;13416;CEDEX 08 ;04.91.16.58.58 ;04.91.72.28.01
02;141;0000;CAEN;Régime Agricole;141;351;37. rue de Maltot;;CAEN;14026;CEDEX;02.31.25.39.39 ;02.31.25.39.79
02;142;0000;CAEN;Régime Agricole;142;351;12, rue du Clos Herbert;;CAEN;14052;CEDEX;02 31 43 56 94;
02;145;0000;CAEN;Régime Agricole;141;351;37. rue de Maltot;;CAEN;14026;CEDEX;02.31.25.39.39 ;02.31.25.39.79
02;151;0000;AURILLAC;Régime Agricole;151;381;9. rue Jean-de-Bonnefon;B.P. 72 ;AURILLAC;15011;CEDEX;04.71.64.49.37 ;04.71.64.49.51
02;155;0000;AURILLAC;Régime Agricole;151;381;9. rue Jean-de-Bonnefon;B.P. 72 ;AURILLAC;15011;CEDEX;04.71.64.49.37 ;04.71.64.49.51
02;161;0000;ANGOULEME;Régime Agricole;161;821;Rue du Docteur Charles-Duroselle;;ANGOULEME;16016;CEDEX;05.45.97.80.80;05.45.92.62.38
02;162;0000;ANGOULEME;Régime Agricole;162;752;15, boulevard de Bury;;ANGOULEME;16021;CEDEX;05 45 68 70 23;
02;165;0000;ANGOULEME;Régime Agricole;161;821;Rue du Docteur Charles-Duroselle;;ANGOULEME;16016;CEDEX;05.45.97.80.80 ;05.45.92.62.38
02;171;0000;SAINTES;Régime Agricole;171;171;1 Bd Vladimir;Fief Montlouis;SAINTES;17106;CEDEX;05.46.97.50.85;05.46.93.84.26
02;172;0000;LA ROCHELLE;Régime Agricole;172;752;8, rue des Saints-Pères;;LA ROCHELLE;17025;CEDEX;05 46 50 84 68;
02;175;0000;SAINTES;Régime Agricole;171;171;1 Bd Vladimir;Fief Montlouis;SAINTES ;17106;CEDEX;05.46.97.50.87;05.46.93.84.26
02;181;0000;BOURGES;Régime Agricole;181;591;7. rue de l'Ile-d'Or;B.P. 133 ;BOURGES;18032;CEDEX;02.48.55.40.40 ;02.48.55.40.02
02;182;0000;BOURGES;Régime Agricole;182;591;23 place St Charles;;ORLEANS;45918;CEDEX 9;02 38 24 96 18;
02;185;0000;BOURGES;Régime Agricole;181;591;7. rue de l'Ile-d'Or;B.P. 133 ;BOURGES;18032;CEDEX;02.48.55.40.40 ;02.48.55.40.02
02;191;0000;TULLE;Régime Agricole;191;821;Champeau;B.P. 20 ;TULLE;19019;CEDEX;05.55.93.40.40 ;05.55.26.26.67
02;195;0000;TULLE;Régime Agricole;191;821;Champeau;B.P. 20 ;TULLE;19019;CEDEX;05.55.93.40.40 ;05.55.26.26.67
02;201;0000;AJACCIO;Régime Agricole;201;381;Parc Cunéo-d'Ornano;B.P. 407 ;AJACCIO;20184;CEDEX;04.95.29.27.00 ;04.95.29.27.64
02;205;0000;AJACCIO;Régime Agricole;201;381;Parc Cunéo-d'Ornano;B.P. 407 ;AJACCIO;20184;CEDEX;04.95.29.27.00 ;04.95.29.27.64
02;211;0000;DIJON;Régime Agricole;211;541;14. rue Félix-Trutat;;DIJON;21046;CEDEX;03.80.63.22.00 ;03.80.63.23.23
02;212;0000;DIJON;Régime Agricole;212;541;7, Bld. Rembrandt;Apogée C    BP 77017;DIJON;21070;;03 80 71 20 42;03 80 71 40 14
02;215;0000;DIJON;Régime Agricole;211;541;14. rue Félix-Trutat;;DIJON;21046;CEDEX;03.80.63.22.00 ;03.80.63.23.23
02;221;0000;SAINT BRIEUC;Régime Agricole;221;351;12. rue de Paimpont;B.P. 68 ;SAINT-BRIEUC ;22024;CEDEX;02.96.78.87.00 ;02.96.78.87.59
02;222;0000;SAINT BRIEUC;Régime Agricole;222;351;7, Bld. Clémenceau;;SAINT-BRIEUC;22014;CEDEX;02 96 68 35 87;
02;225;0000;SAINT BRIEUC;Régime Agricole;221;351;12. rue de Paimpont;B.P. 68 ;SAINT-BRIEUC ;22024;CEDEX;02.96.78.87.00 ;02.96.78.87.59
02;231;0000;GUERET;Régime Agricole;231;821;Avenue d'Auvergne;B.P. 169 ;GUERET;23011;CEDEX;05.55.51.30.00 ;05.55.51.30.14
02;232;0000;GUERET;Régime Agricole;232;821;19, avenue Manouvrier;;GUERET;23000;;05 55 51 01 76;
02;235;0000;GUERET;Régime Agricole;231;821;Avenue d'Auvergne;B.P. 169 ;GUERET;23011;CEDEX;05.55.51.30.00 ;05.55.51.30.14
02;241;0000;PERIGUEUX;Régime Agricole;241;821;9. rue Maleville;;PERIGUEUX;24012;CEDEX;05.53.02.67.00 ;05.53.09.55.85
02;242;0000;PERIGUEUX;Régime Agricole;242;821;8, rue des Mobiles de Coulmiers;;PERIGUEUX;24000;;05 53 05 15 23;
02;245;0000;PERIGUEUX;Régime Agricole;241;821;9. rue Maleville;;PERIGUEUX;24012;CEDEX;05.53.02.67.00 ;05.53.09.55.85
02;251;0000;BESANCON;Régime Agricole;251;541;13. avenue Elisée-Cusenier;;BESANCON;25090;CEDEX 9 ;03.81.65.60.60 ;03.81.65.60.09
02;252;0000;BESANCON;Régime Agricole;252;541;3, rue Voirin;;BESANCON;25000;;03 81 81 72 33;
02;255;0000;BESANCON;Régime Agricole;251;541;13. avenue Elisée-Cusenier;;BESANCON;25090;CEDEX 9 ;03.81.65.60.60 ;03.81.65.60.09
02;261;0000;VALENCE;Régime Agricole;261;381;29. rue Frédéric Chopin;B.P. 1001 ;VALENCE;26025;CEDEX;04.75.75.68.68 ;04.75.42.57.14
02;265;0000;VALENCE;Régime Agricole;261;381;29. rue Frédéric Chopin;B.P. 1001 ;VALENCE;26025;CEDEX;04.75.75.68.68 ;04.75.42.57.14
02;271;0000;EVREUX;Régime Agricole;271;591;32. rue Politzer;;EVREUX;27036;CEDEX;02.32.23.43.23 ;02.32.28.00.98
02;272;0000;EVREUX;Régime Agricole;272;591;32 rue Borville Dupuis;;EVREUX;27000;;02 32 62 01 75;
02;275;0000;EVREUX;Régime Agricole;271;591;32. rue Politzer;;EVREUX;27036;CEDEX;02.32.23.43.23 ;02.32.28.00.98
02;281;0000;CHARTRES;Régime Agricole;281;411;5. rue de Chanzy;;CHARTRES;28037;CEDEX;02.37.30.45.00 ;02.37.30.45.04
02;282;0000;CHARTRES;Régime Agricole;282;752;Espace Océam;53 avenue d'Orléans;CHARTRES;28038;CEDEX;02 37 84 14 30;
02;285;0000;CHARTRES;Régime Agricole;281;411;5. rue de Chanzy;;CHARTRES;28037;CEDEX;02.37.30.45.00 ;02.37.30.45.04
02;291;0000;LANDERNEAU;Régime Agricole;291;351;3. rue Hervé-de-Guébriant;;LANDERNEAU;29412;CEDEX;02.98.85.79.79 ;02.98.85.79.09
02;292;0000;BREST;Régime Agricole;292;351;Immeuble Kervor  Port de Commerce;310 rue Ernest Heminguay  CS 11815;BREST;29218;CEDEX 1;02 98 30 32 57;
02;295;0000;LANDERNEAU;Régime Agricole;291;351;3. rue Hervé-de-Guébriant;;LANDERNEAU;29412;CEDEX;02.98.85.79.79 ;02.98.85.79.09
02;301;0000;NIMES;Régime Agricole;301;301;Rue Edouard-Lalo;;NIMES;30924;CEDEX 9;04.66.63.68.68 ;04.66.63.68.90
02;305;0000;NIMES;Régime Agricole;301;301;Rue Edouard-Lalo;;NIMES;30924;CEDEX 9 ;04.66.63.68.68 ;04.66.63.68.90
02;311;0000;TOULOUSE;Régime Agricole;311;821;61, allée de Brienne;;TOULOUSE;31064;CEDEX;05.61.10.40.40 ;05.61.22.46.64
02;312;0000;TOULOUSE;Régime Agricole;312;821;1, Place Occitane;;TOULOUSE;31041;CEDEX 9;05 62 30 53 10;
02;315;0000;TOULOUSE;Régime Agricole;311;821;61. allée de Brienne;;TOULOUSE;31064;CEDEX;05.61.10.40.40 ;05.61.22.46.64
02;321;0000;AUCH;Régime Agricole;321;321;21. Avenue de la Marne;;AUCH;32018;CEDEX;05.62.60.30.09;05.62.60.30.07
02;322;0000;AUCH;Régime Agricole;322;321;9, place Jean David;;AUCH;32000;;05 62 05 38 56;
02;325;0000;AUCH;Régime Agricole;321;321;21. Avenue de la Marne;;AUCH;32018;CEDEX;05.62.60.30.39 ;05.62.60.30.07
02;331;0000;BORDEAUX;Régime Agricole;331;331;13. rue Ferrère;;BORDEAUX;33052;CEDEX;05.56.01.83.83 ;05.56.79.35.98
02;332;0000;BORDEAUX;Régime Agricole;332;331;Immeuble Aquitaine;Rue du Corps Franc Pommiès;BORDEAUX;33087;CEDEX;05 56 96 15 90;
02;335;0000;BORDEAUX;Régime Agricole;331;331;13. rue Ferrère;;BORDEAUX;33052;CEDEX;05.56.01.83.83 ;05.56.79.35.98
02;341;0000;MONTPELLIER;Régime Agricole;341;341;2. Maison de l'Agriculture;Place Chaptal ;MONTPELLIER;34262;CEDEX;04.67.34.80.00 ;04.67.34.79.79
02;342;0000;MONTPELLIER;Régime Agricole;342;341;Zac Val de Croze;Quai Flora Tristan;MONTPELLIER;34273;CEDEX 3;04 99 51 26 30;
02;345;0000;MONTPELLIER;Régime Agricole;341;341;2. Maison de l'Agriculture;Place Chaptal ;MONTPELLIER;34262;CEDEX;04.67.34.80.00 ;04.67.34.79.79
02;351;0000;RENNES;Régime Agricole;351;351;10. avenue des Français Libres;;RENNES;35027;CEDEX;02.99.01.80.80;02.99.31.52.16
02;352;0000;RENNES;Régime Agricole;352;351;ZAC de Saint Sulpice  Bât. H;14 rue du Patis Tatelin   CS 80831;RENNES;35708;CEDEX 7;02 99 87 15 80;
02;355;0000;RENNES;Régime Agricole;351;351;10. avenue des Français Libres;;RENNES;35027;CEDEX;02.99.01.80.80 ;02.99.31.52.16
02;361;0000;CHATEAUROUX;Régime Agricole;361;591;MSA Berry Touraine 19 Avenue de Vendôme;CS 72301;BLOIS;41023;CEDEX;02 54 44 87 87;02 54 74 82 97
02;362;0000;CHATEAUROUX;Régime Agricole;362;591;18, Place Gambetta;;CHATEAUROUX;36028;CEDEX;02 54 08 95 76;
02;365;0000;CHATEAUROUX;Régime Agricole;361;591;33-35. rue de Mousseaux;;CHATEAUROUX;36025;CEDEX;02.54.29.46.46 ;02.54.29.45.55
02;371;0000;TOURS;Régime Agricole;371;411;MSA Berry Touraine 19 Avenue de Vendôme;CS 72301;BLOIS;41023;CEDEX;02 54 44 87 87;02 54 74 82 97
02;372;0000;TOURS;Régime Agricole;372;411;39ter, Bld. Heurteloup;;TOURS;37000;;02 47 05 56 96;
02;375;0000;TOURS;Régime Agricole;371;411;31. rue Michelet;;TOURS;37040;CEDEX;02.47.31.61.50;02.47.31.68.42
02;381;0000;GRENOBLE;Régime Agricole;381;381;5. place Gustave-Rivet;;GRENOBLE;38048;CEDEX;04.76.88.76.00 ;04.76.88.76.88
02;382;0000;GRENOBLE;Régime Agricole;382;381;47, avenue Alsace Lorraine;;GRENOBLE;38061;CEDEX 1;04 76 43 43 65;
02;385;0000;GRENOBLE;Régime Agricole;381;381;5. place Gustave-Rivet;;GRENOBLE;38048;CEDEX;04.76.88.76.00 ;04.76.88.76.88
02;391;0000;LONS LE SAUNIER;Régime Agricole;391;541;10. rue des Perrières;B.P. 416 ;LONS-LE-SAUNIER ;39016;CEDEX;03.84.35.25.25 ;03.84.35.25.22
02;395;0000;LONS LE SAUNIER;Régime Agricole;391;541;10. rue des Perrières;B.P. 416 ;LONS-LE-SAUNIER ;39016;CEDEX;03.84.35.25.25 ;03.84.35.25.22
02;401;0000;MONT DE MARSAN;Régime Agricole;401;641;70, rue Alphonse Daudet;;ST. PIERRE DU MONT ;40286;CEDEX;05 58 06 55 55;05 58 75 19 76
02;405;0000;MONT DE MARSAN;Régime Agricole;401;641;70, rue Alphonse Daudet;;ST. PIERRE DU MONT ;40286;CEDEX;05 58 06 55 55 ;05 58 75 19 76
02;411;0000;BLOIS;Régime Agricole;411;411;MSA Berry Touraine 19 Avenue de Vendôme;CS 72301;BLOIS;41023;CEDEX;02 54 44 87 87;02 54 74 82 97
02;412;0000;BLOIS;Régime Agricole;412;411;12, bis avenue Vendôme;;BLOIS;41000;;02 54 78 36 41;
02;415;0000;BLOIS;Régime Agricole;411;411;19. avenue de Vendôme;;BLOIS;41023;CEDEX;02.54.44.87.87 ;02.54.74.82.97
02;421;0000;SAINT PRIEST EN JAREZ;Régime Agricole;421;381;43. avenue Albert-Raimond;B.P. 51 ;ST-PRIEST-EN-JAREZ;42275;CEDEX;04.77.91.54.83;04.77.91.55.58
02;425;0000;SAINT PRIEST EN JAREZ;Régime Agricole;421;381;43. avenue Albert-Raimond;B.P. 51 ;ST-PRIEST-EN-JAREZ ;42275;CEDEX;04.77.91.54.72;04.77.91.55.25
02;431;0000;LE PUY;Régime Agricole;431;381;11. boulevard du Président-Bertrand;;LE PUY ;43005;CEDEX;04.71.02.24.22;04.71.02.22.67
02;435;0000;LE PUY;Régime Agricole;431;381;11. boulevard du Président-Bertrand;;LE PUY ;43005;CEDEX;04.71.02.24.22;04.71.02.22.67
02;441;0000;NANTES;Régime Agricole;441;441;2 impasse de l'Espéranto;SAINT-HERBLAIN;NANTES;44957;CEDEX 9;02.40.41.39.39 ;02.40.41.39.19
02;442;0000;NANTES;Régime Agricole;442;441;8 rue Petit Châtelier;CS 30322;NANTES;44303;CEDEX 3;02 40 69 02 22;
02;445;0000;NANTES;Régime Agricole;441;441;2 impasse de l'Espéranto;SAINT-HERBLAIN;NANTES;44957;CEDEX 9;02.40.41.39.39 ;02 40  41 39 19
02;451;0000;ORLEANS;Régime Agricole;451;411;11. avenue des Droits de l'Homme;B.P. 9200 ;ORLEANS;45924;CEDEX 9 ;02.38.60.55.55;02.38.60.56.80
02;452;0000;ORLEANS;Régime Agricole;452;411;23 place Saint Charles;;ORLEANS;45918;CEDEX 9;02 38 24 96 10;
02;455;0000;ORLEANS;Régime Agricole;451;411;11. avenue des Droits de l'Homme;B.P. 9200 ;ORLEANS;45924;CEDEX 9 ;02.38.60.55.55;02.38.60.56.80
02;461;0000;CAHORS;Régime Agricole;461;821;Rue du Pape Jean XXIII;B.P. 279 ;CAHORS;46014;CEDEX;05.65.35.43.82 ;05.65.22.18.73
02;465;0000;CAHORS;Régime Agricole;461;821;Rue du Pape Jean XXIII;B.P. 279 ;CAHORS ;46014;CEDEX;05.65.35.43.82 ;05.65.22.18.73
02;471;0000;AGEN;Régime Agricole;471;821;1. quai du Docteur-Calabet;;AGEN;47913;CEDEX;05.53.67.77.77;05.53.67.78.58
02;472;0000;AGEN;Régime Agricole;472;821;55, rue Camille Desmoulins;;AGEN;47031;CEDEX;05 53 48 24 56;
02;475;0000;AGEN;Régime Agricole;471;821;1. quai du Docteur-Calabet;;AGEN;47913;CEDEX;05.53.67.77.77;05.53.67.78.58
02;481;0000;MENDE;Régime Agricole;481;301;10. cité des Carmes;;MENDE;48005;CEDEX;04.66.49.79.20 ;04.66.49.79.59
02;485;0000;MENDE;Régime Agricole;481;301;10. cité des Carmes;;MENDE;48005;CEDEX;04.66.49.79.20 ;04.66.49.79.59
02;491;0000;ANGERS;Régime Agricole;491;351;3, RUE CHARLES LACRETELLE;BEAUCOUZE;ANGERS;49938;CEDEX 9;02.41.31.75.75;02.41.31.78.62
02;492;0000;ANGERS;Régime Agricole;492;351;1, rue Francis Meilland;;ANGERS;49044;CEDEX 01;02 41 47 96 39;
02;495;0000;ANGERS;Régime Agricole;491;351;3, RUE CHARLES LACRETELLE;BEAUCOUZE;ANGERS;49938;CEDEX 9;02.41.31.75.75;02.41.31.78.62
02;501;0000;SAINT LO;Régime Agricole;501;351;9. place du Champ-de-Mars;B.P. 205 ;SAINT-LO ;50005;CEDEX;02.33.06.40.00 ;02.33.06.42.00
02;502;0000;SAINT LO;Régime Agricole;502;752;58, rue de la Marne;;SAINT-LO;50014;CEDEX;02 33 57 27 48;
02;505;0000;SAINT LO;Régime Agricole;501;351;9. place du Champ-de-Mars;B.P. 205 ;SAINT-LO ;50005;CEDEX;02.33.06.40.00 ;02.33.06.42.00
02;511;0000;REIMS;Régime Agricole;511;541;24. boulevard Louis-Roederer;;REIMS;51077;CEDEX;03.26.40.88.00 ;03.26.40.87.50
02;512;0000;CHALONS SUR MARNE;Régime Agricole;512;541;10, rue Gambetta;;CHALONS EN CHAMPAGNE;51042;CEDEX;03 26 68 65 85;
02;515;0000;REIMS;Régime Agricole;511;541;24. boulevard Louis-Roederer;;REIMS;51077;CEDEX;03.26.40.88.00 ;03.26.40.87.50
02;521;0000;CHAUMONT;Régime Agricole;521;541;4. avenue Emile-Cassez;B.P. 504 ;CHAUMONT;52017;CEDEX ;03.25.30.33.00 ;03.25.32.67.37
02;525;0000;CHAUMONT;Régime Agricole;521;541;4. avenue Emile-Cassez;B.P. 504 ;CHAUMONT;52017;CEDEX;03.25.30.33.00 ;03.25.32.67.37
02;531;0000;LAVAL;Régime Agricole;531;351;76. boulevard Lucien-Daniel;;LAVAL;53029;CEDEX;02.43.91.41.41 ;02.43.91.16.14
02;532;0000;LAVAL;Régime Agricole;532;351;1 rue Francis Meilland;;ANGERS;49044;CEDEX 01;02 41 47 96 39;02 41 47 93 73
02;535;0000;LAVAL;Régime Agricole;531;351;76. boulevard Lucien-Daniel;;LAVAL;53029;CEDEX;02.43.91.41.41 ;02.43.91.16.14
02;541;0000;VANDOEUVRE LES NANCY;Régime Agricole;541;541;15. avenue Paul-Doumer;;VANDOEUVRE-LES-NANCY ;54507;CEDEX;03.83.50.35.00 ;03.83.56.65.86
02;542;0000;NANCY;Régime Agricole;542;541;9 rue Maurice Barrès;;NANCY;54075;CEDEX;03 83 18 88 60;03 83 18 88 68
02;545;0000;VANDOEUVRE LES NANCY;Régime Agricole;541;541;15. avenue Paul-Doumer;;VANDOEUVRE-LES-NANCY ;54507;CEDEX;03.83.50.35.00 ;03.83.56.65.86
02;551;0000;VERDUN;Régime Agricole;551;541;Place Saint Paul;;VERDUN;55112;CEDEX;03 29 83 38 00 ;
02;555;0000;VERDUN;Régime Agricole;551;541;Place Saint Paul;;VERDUN;55112;CEDEX;03 29 83 38 00 ;
02;561;0000;VANNES;Régime Agricole;561;351;Avenue du Général Borgnis Desbordes;B.P. 326 ;VANNES;56018;CEDEX ;02.97.46.52.52 ;02.97.40.92.81
02;562;0000;LORIENT;Régime Agricole;562;351;17bis, rue Marie Dorval;;LORIENT;56100;;02 97 64 62 10;
02;565;0000;VANNES;Régime Agricole;561;351;Avenue du Général Borgnis Desbordes;B.P. 326 ;VANNES;56018;CEDEX;02.97.46.52.52 ;02.97.40.92.81
02;571;0000;METZ;Régime Agricole;571;541;17. avenue André Malraux;;METZ;57778;CEDEX 09;03.87.55.76.41 ;03.87.55.76.97
02;575;0000;METZ;Régime Agricole;571;541;17. avenue André Malraux; ;METZ;57778;CEDEX 09 ;03.87.55.76.41;03.87.55.76.97
02;581;0000;NEVERS;Régime Agricole;581;541;Maison de l'Agriculture;B.P. 805 ;NEVERS;58017;CEDEX;03.86.93.50.00 ;03.86.93.50.09
02;582;0000;NEVERS;Régime Agricole;582;541;5, rue du Pont Cizeau;;NEVERS;58000;;03 86 61 29 31;
02;585;0000;NEVERS;Régime Agricole;581;541;Maison de l'Agriculture;B.P. 805 ;NEVERS;58017;CEDEX;03.86.93.50.00 ;03.86.93.50.09
02;591;0000;LILLE;Régime Agricole;591;591;;;LILLE ;59716;CEDEX 9 ;03.20.00.21.99 ;03.20.00.20.13
02;592;0000;LILLE;Régime Agricole;592;591;Immeuble 'le tripode';230 av J. Jaurés;RONCHIN;59790;;03 20 29 63 00;03 20 29 63 01
02;595;0000;LILLE;Régime Agricole;591;591;;;LILLE ;59716;CEDEX 9 ;03.20.00.21.99 ;03.20.00.20.13
02;601;0000;BEAUVAIS;Régime Agricole;601;591;8. avenue Victor Hugo;B.P. 70828;BEAUVAIS;60010;CEDEX;03.44.06.81.00 ;03.44.06.81.01
02;605;0000;BEAUVAIS;Régime Agricole;601;591;8. avenue Victor Hugo;B.P. 328-1 ;BEAUVAIS;60010;CEDEX;03.44.06.81.00 ;03.44.06.81.01
02;611;0000;ALENCON;Régime Agricole;611;351;52, bd. du 1er Chasseurs;;ALENCON;61011;CEDEX;02 33 31 40 00;02 33 31 41 97
02;612;0000;ALENCON;Régime Agricole;612;351;33, rue de Bretagne;;ALENCON;61015;CEDEX;02 33 26 79 40;
02;615;0000;ALENCON;Régime Agricole;611;351;52, bd. du 1er Chasseurs;;ALENCON;61011;CEDEX;02 33 31 40 00;02 33 31 41 97
02;621;0000;ARRAS;Régime Agricole;621;591;1. rue A. Gatoux;;ARRAS;62024;CEDEX;03.21.24.60.62 ;03.21.24.60.84
02;622;0000;ARRAS;Régime Agricole;622;591;7, rue du Cardinal;;ARRAS;62012;CEDEX;03 21 51 49 24;
02;625;0000;ARRAS;Régime Agricole;621;591;1. rue A. Gatoux;;ARRAS;62024;CEDEX;03.21.24.60.62 ;03.21.24.60.84
02;631;0000;CLERMONT FERRAND;Régime Agricole;631;381;75. Boulevard F. Mitterrand;;CLERMONT-FERRAND ;63041;CEDEX;04.73.43.75.00 ;04.73.43.75.11
02;632;0000;CLERMONT-FERRAND;Régime Agricole;632;381;Résidence du Square;25, avenue Julien;CLERMONT-Fd;63037;CEDEX;04 73 34 79 52;
02;635;0000;CLERMONT FERRAND;Régime Agricole;631;381;75. Boulevard F. Mitterrand;;CLERMONT-FERRAND ;63041;CEDEX;04.73.43.75.00 ;04.73.43.75.11
02;641;0000;PAU;Régime Agricole;641;641;1. place Marguerite Laborde;;PAU;64017;CEDEX;05.59.80.72.72 ;05.59.80.72.27
02;642;0000;PAU;Régime Agricole;642;641;56 avenue Jean Mermoz;;PAU;64000;;05 59 14 11 30;
02;645;0000;PAU;Régime Agricole;641;641;1. place Marguerite Laborde;;PAU;64017;CEDEX;05.59.80.72.72 ;05.59.80.72.27
02;651;0000;TARBES;Régime Agricole;651;641;22. rue de Cronstadt ;B.P. 119 ;TARBES;65022;CEDEX ;05.62.34.39.95 ;05.62.51.07.46
02;652;0000;TARBES;Régime Agricole;652;641;Résidence Foch;23, rue Larrey;TARBES;65000;;05 62 56 91 79;
02;655;0000;TARBES;Régime Agricole;651;641;22. rue de Cronstadt;B.P. 119 ;TARBES;65022;CEDEX;05.62.34.39.95 ;05.62.51.07.46
02;661;0000;PERPIGNAN;Régime Agricole;661;341;23 rue francois broussais;B.P. 946 ;PERPIGNAN;66017;CEDEX 9;04.68.55.11.66 ;04.68.82.65.83
02;662;0000;PERPIGNAN;Régime Agricole;662;821;4, rue d'Iéna;;PERPIGNAN;66850;CEDEX;04 68 34 10 97;
02;665;0000;PERPIGNAN;Régime Agricole;661;341;23 rue francois broussais;B.P. 946 ;PERPIGNAN;66017;CEDEX 9;04.68.55.11.66 ;04.68.82.65.83
02;671;0000;STRASBOURG;Régime Agricole;671;541;9 , rue de Guebwiller;;COLMAR;68023;CEDEX ;03 89 20 78 68;03 89 20 79 00
02;672;0000;STRASBOURG;Régime Agricole;672;541;32 rue de l'Industrie;BP 90439;ILLKIRCH;67412;CEDEX;03 90 40 06 90;
02;675;0000;STRASBOURG;Régime Agricole;671;541;9 rue de Guebwiller;;Colmar;68023;CEDEX ;03 89 20 78 68;03 89 20 79 00
02;681;0000;COLMAR;Régime Agricole;681;541;9 , rue de Guebwiller;;COLMAR;68023;CEDEX;03.89.20.78.68;03.89.20.79.00
02;685;0000;COLMAR;Régime Agricole;681;541;9, rue de Guebwiller;;COLMAR;68023;CEDEX;03.89.20.78.68 ;03.89.20.79.00
02;691;0000;LYON;Régime Agricole;691;381;35. rue du Plat;B.P. 2612 ;LYON ;69232;CEDEX 02 ;04.78.92.63.63 ;04.78.42.43.66
02;692;0000;LYON;Régime Agricole;692;381;La Villette Part Dieu - Bât A;26 rue de la Villette;LYON;69328;CEDEX 03;04 78 9306 79;
02;695;0000;LYON;Régime Agricole;691;381;35. rue du Plat;B.P. 2612 ;LYON;69232;CEDEX 02 ;04.78.92.63.63 ;04.78.42.43.66
02;701;0000;VESOUL;Régime Agricole;701;541;Rue Réné Hologne;;VESOUL;70021;CEDEX;03.84.96.31.00 ;03.84.96.31.55
02;705;0000;VESOUL;Régime Agricole;701;541;Rue Réné Hologne;;VESOUL;70021;CEDEX;03.84.96.31.00 ;03.84.96.31.55
02;711;0000;MACON;Régime Agricole;711;381;46. rue de Paris;;MACON;71023;CEDEX;03.85.39.51.51 ;03.85.39.51.80
02;712;0000;MACON;Régime Agricole;712;381;4, rue Saint-Nizier;;MACON;71031;CEDEX;03 85 38 10 99;03 85 38 77 88
02;715;0000;MACON;Régime Agricole;711;381;46. rue de Paris;;MACON;71023;CEDEX;03.85.39.51.51 ;03.85.39.51.80
02;721;0000;LE MANS;Régime Agricole;721;351;30. rue Paul Ligneul;;LE MANS ;72032;CEDEX;02.43.39.43.39 ;02.43.39.43.43
02;722;0000;LE MANS;Régime Agricole;722;351;1 rue Francis Meilland;;ANGERS;49044;CEDEX 01;02 41 47 96 39;
02;725;0000;LE MANS;Régime Agricole;721;351;30. rue Paul Ligneul;;LE MANS ;72032;CEDEX;02.43.39.43.39 ;02.43.39.43.43
02;731;0000;CHAMBERY;Régime Agricole;731;381;106, rue Juiverie;;CHAMBERY;73016;CEDEX;09 69 36 87 00 ;04 79 69 42 24
02;735;0000;CHAMBERY;Régime Agricole;731;381;106, rue Juiverie;;CHAMBERY;73016;CEDEX;09 69 36 87 00 ;04 79 69 42 24
02;741;0000;ANNECY;Régime Agricole;741;381;2, bd. du Fier;;ANNECY;74993;CEDEX;09 69 36 87 00 ;04 50 57 92 92
02;745;0000;ANNECY;Régime Agricole;741;381;2, bd. du Fier;;ANNECY ;74993;CEDEX;09 69 36 87 00;04 50 57 92 92
02;751;0000;PARIS;Régime Agricole;751;591;161, av. Paul Vaillant Couturier;;GENTILLY;94250;BP126;01 49 85 59 31;01 49 85 55 05
02;752;0000;LANDERNEAU D.O.M;Régime Agricole;752;351;Brest AAEXA Im. Kervor Port de Commerce;310 rue E. Heminguay CS 11815;BREST;29218;CEDEX 1;02 98 30 32 57;
02;755;0000;PARIS;Régime Agricole;751;591;161, av. Paul Vaillant Couturier;;GENTILLY;94250;BP126;01 49 85 59 31;01 49 85 55 05
02;761;0000;BOIS GUILLAUME;Régime Agricole;761;591;Cité de l'Agriculture;;BOIS-GUILLAUME ;76236;CEDEX;02.35.12.71.69;02.35.61.59.55
02;762;0000;ROUEN;Régime Agricole;762;591;65 avenue de Bretagne;;ROUEN;76026;CEDEX 1;02 35 98 30 76;
02;765;0000;BOIS GUILLAUME;Régime Agricole;761;591;Cité de l'Agriculture;;BOIS-GUILLAUME ;76236;CEDEX;02.35.12.71.69;02.35.61.59.55
02;791;0000;NIORT;Régime Agricole;791;791;12. avenue Bujault;;NIORT;79042;CEDEX;05.49.06.30.30 ;05.49.06.30.49
02;792;0000;NIORT;Régime Agricole;792;752;146 avenue de La Rochelle;BP 88811;NIORT;79028;CEDEX;05 49 09 89 00;
02;795;0000;NIORT;Régime Agricole;791;791;12. avenue Bujault;;NIORT;79042;CEDEX ;05.49.06.30.30 ;05.49.06.30.49
02;801;0000;AMIENS;Régime Agricole;801;591;27. rue Frédéric Petit;;AMIENS;80019;CEDEX 9;03.22.82.62.62 ;03.22.82.63.05
02;802;0000;AMIENS;Régime Agricole;802;591;1, rue de l'Amiral Lejeune;;AMIENS;80055;CEDEX 1;03 22 72 37 60;0322912677
02;805;0000;AMIENS;Régime Agricole;801;591;27. rue Frédéric Petit;;AMIENS;80019;CEDEX 9;03.22.82.62.62 ;03.22.82.63.05
02;811;0000;ALBI;Régime Agricole;811;821;14, rue de Ciron;;ALBI;81017;CEDEX 9;05 63 68 40 40;05 63 68 40 99
02;812;0000;ALBI;Régime Agricole;812;821;Résidence 'Les Impériales';30, avenue Albert Thomas;ALBI;81030;CEDEX 9;05 63 60 36 14;
02;815;0000;ALBI;Régime Agricole;811;821;14, rue de Ciron;;ALBI;81017;CEDEX 9;05 63 68 40 40;05 63 68 40 99
02;821;0000;MONTAUBAN;Régime Agricole;821;821;180. avenue Marcel Unal;;MONTAUBAN;82014;CEDEX;05.63.21.61.61 ;05.63.21.61.79
02;822;0000;MONTAUBAN;Régime Agricole;822;821;16, avenue de Mayenne;;MONTAUBAN;82017;CEDEX;05 63 63 73 01;
02;825;0000;MONTAUBAN;Régime Agricole;821;821;180. avenue Marcel Unal;;MONTAUBAN;82014;CEDEX;05.63.21.61.61 ;05.63.21.61.79
02;831;0000;DRAGUIGNAN;Régime Agricole;831;381;Rue Jean-Aicard;;DRAGUIGNAN;83013;CEDEX;04.94.60.38.38 ;04.94.68.47.58
02;832;0000;TOULON;Régime Agricole;832;752;34, rue Picot;;TOULON;83000;;04 94 93 08 46;
02;835;0000;DRAGUIGNAN;Régime Agricole;831;381;Rue Jean-Aicard;;DRAGUIGNAN;83013;CEDEX;04.94.60.38.38 ;04.94.68.47.58
02;841;0000;AVIGNON;Régime Agricole;841;341;1. place des Maraîchers;;AVIGNON;84056;;04.90.13.66.66 ;04.90.87.72.05
02;842;0000;AVIGNON;Régime Agricole;842;752;3, avenue Alphonse Daudet;BP 137;LE PONTET;84961;CEDEX;04 90 32 22 57;
02;845;0000;AVIGNON;Régime Agricole;841;341;1. place des Maraîchers;;AVIGNON;84056;;04.90.13.66.66 ;04.90.87.72.05
02;851;0000;LA ROCHE SUR YON;Régime Agricole;851;851;33. boulevard Réaumur;;LA ROCHE-SUR-YON ;85011;CEDEX;02.51.36.88.88 ;02.51.36.88.55
02;852;0000;LA ROCHE SUR YON;Régime Agricole;852;851;5, avenue Gambetta;;LA ROCHE/YON;85035;CEDEX;02 51 08 93 77;
02;855;0000;LA ROCHE SUR YON;Régime Agricole;851;851;33. boulevard Réaumur;;LA ROCHE-SUR-YON ;85011;CEDEX;02.51.36.88.88 ;02.51.36.88.55
02;861;0000;POITIERS;Régime Agricole;861;871;37. rue de Touffenet;;POITIERS;86042;CEDEX;05.49.44.56.40;05.49.01.80.40
02;862;0000;POITIERS;Régime Agricole;862;752;5, Allée Martin Luther King;;POITIERS;86034;CEDEX;05 49 36 10 38;
02;865;0000;POITIERS;Régime Agricole;861;871;37. rue de Touffenet;;POITIERS;86042;CEDEX;05.49.44.56.40;05.49.01.80.40
02;871;0000;LIMOGES;Régime Agricole;871;821;Impasse Sainte-Claire;;LIMOGES;87041;CEDEX;05.55.44.87.00 ;05.55.44.88.89
02;872;0000;LIMOGES;Régime Agricole;872;821;7 allée Loewy  Parc d'Ester;BP 66808;LIMOGES;87038;CEDEX;05 55 11 91 71;
02;875;0000;LIMOGES;Régime Agricole;871;821;Impasse Sainte-Claire;;LIMOGES;87041;CEDEX;05.55.44.87.00 ;05.55.44.88.89
02;881;0000;EPINAL;Régime Agricole;881;541;8, av. Général de Gaulle ;BP 277 ;EPINAL;88017;CEDEX;03 29 64 88 00 ;03 29 82 00 71
02;885;0000;EPINAL;Régime Agricole;881;541;8, av. Général de Gaulle;BP 277 ;EPINAL;88017;CEDEX;03 29 64 88 00 ;03 29 82 00 71
02;891;0000;AUXERRE;Régime Agricole;891;541;14bis. rue Georges Guynemer;B.P. 95 ;AUXERRE;89001;CEDEX;03.86.47.37.00 ;03.86.47.37.01
02;892;0000;AUXERRE;Régime Agricole;892;541;18, rue Jules Ferry;;AUXERRE;89000;;03 86 46 16 40;
02;895;0000;AUXERRE;Régime Agricole;891;541;14bis. rue Georges Guynemer;B.P. 95 ;AUXERRE;89001;CEDEX;03.86.47.37.00;03.86.47.37.01
02;941;0000;MSA D ARMORIQUE - MAYOTTE;Régime Agricole;941;821;;;;;;;
02;962;0000;LANDERNEAU;Régime Agricole;962;351;Brest AAEXA  Im. Kervor Port de Commerce;310 rue E.Heminguay  CS 11815;BREST;29218;CEDEX 1;02 98 30 32 57;
02;971;0000;POINTE A PITRE;Régime Agricole;971;591;Pas d'antenne locale;;;;;;
02;982;0000;AURILLAC;Régime Agricole;982;351;Plateforme AAEXA / Parc d'activité de Tronquières;14 avenue du Garric;AURILLAC;15000;;04 71 63 85 44;04 71 63 85 46
02;992;0000;AJACCIO;Régime Agricole;992;381;Résid. Laétitia Bonaparte;Avenue de la Grande Armée;AJACCIO;20000;;04 95 22 22 34;
92;512;0971;LA MUTUELLE GENERALE GUADELOUPE;Mutuelle Générale - MG;512;071;rue Achille René BOISNEUF CS 70060;;ABYMES;97183;CEDEX;0 800 455 455;0 590 20 96 43
99;081;0609;M.N.T.  Ardennes;Sections Locales Mutalistes - SLM;004;223;30, RUE DE LA GRAVIERE;;CHARLEVILLE MEZIERES ;08013;;03.24.33.26.60 ;03.24.56.09.04
99;331;0609;M.N.T.  Gironde;Sections Locales Mutalistes - SLM;004;223;349, BD DU PRESIDENT WILSON;BP 230 ;BORDEAUX;33021;CEDEX;05.56.17.12.40 ;05.56.17.12.59
99;973;0609;M.N.T.  Guyane;Sections Locales Mutalistes - SLM;004;223;Zone Administrative du Moulin à vent;BP 0146;REMIRE-MONTJOLY;97354;CEDEX;05.94.38.38.00;05.94.38.38.82