Name;Code;Family;Type;LossDescs;Default
Forfait accouchement simple;A;Hospitalisation;I;HO;HO
Acupuncture;ACUP;Autres Frais;I;AU;AU
Chiropracteur;CHIR;Autres Frais;I;AU;AU
Lentilles non remboursées par caisse;LENN;Optique;I;OPT;OPT
Ostepathie;OSTE;Autres Frais;I;AU;AU
Frais funeraires;FUN;Autres Frais;I;AU;AU
AUTRES ACCESSOIRES TRAITEMENT A DOMICILE;AAD;;R;AU;AU
APPAREILLAGE ASSISTANCE RESPIRATOIRE;AAR;Appareillage et audioprothèse;R;SVI;SVI
TRANSPORT PAR AMBULANCES AGREES;ABA;Hospitalisation;R;HO;HO
AMBULANCE AGREE DE GARDE;ABG;Hospitalisation;R;HO;HO
ACTES D'ECHOGRAPHIE;KE;Soins courants;R;SVI|HO;SVI
ACTES INFIRMIERS DE SOINS;AIS;Soins courants;R;SVI|HO;SVI
Actes de kinésithérapie en établissement;AMC;Soins courants;R;SVI|HO;SVI
INTERVENTION+ANESTHESIE DUREE<=12;AMD;Hospitalisation;R;HO;HO
FORFAIT PUBLIC IVG MEDICAMENTEUSE;AMF;;R;AU|SVI|HO;SVI
Soins infirmiers;AMI;Soins courants;R;SVI|HO;SVI
ACTES DE KINESITHERAPIE;AMK;Soins courants;R;SVI|HO;SVI
Séances d'orthophonie;AMO;Soins courants;R;SVI|HO;SVI
Pédicurie;AMP;Soins courants;R;SVI|HO;SVI
Actes de kinésithérapie osthéo-articulaire;AMS;Soins courants;R;SVI|HO;SVI
Séances d'orthoptie;AMY;Soins courants;R;SVI|HO;SVI
FORFAIT ACTIVITE NON PROGRAMMEE;ANP;;R;AU|SVI|HO;SVI
SUPPLEMENT ANTEPARTUM;ANT;;R;AU|SVI|HO;SVI
INTERVENTION+ANESTHESIE,24>DUREE>12;APD;Hospitalisation;R;HO;HO
ADMINISTRATION DE PRODUITS ET PRESTATIONS EN ENVIRONNEMENT HOSPITALIER;APE;Hospitalisation;R;HO;HO
FRAIS D’ANESTHESIE ET DE REANIMATION;ARE;Hospitalisation;R;HO;HO
GENERATEUR D'AEROSOL;ARO;;R;AU|SVI|HO;SVI
FORFAIT HOSPITALISATION A TEMPS PARTIEL GROUPE 1;AS1;Hospitalisation;R;HO;HO
FORFAIT HOSPITALISATION A TEMPS PARTIEL GROUPE 2;AS2;Hospitalisation;R;HO;HO
FORFAIT HOSPITALISATION A TEMPS PARTIEL 15 %.;AS3;Hospitalisation;R;HO;HO
FORFAIT HOSPITALISATION A TEMPS PARTIEL GROUPE 2 + FAS1 ;AS4;Hospitalisation;R;HO;HO
FORFAIT HOSPITALISATION A TEMPS PARTIEL GROUPE 2 + FAS2;AS5;Hospitalisation;R;HO;HO
COMPLEMENT AT 150% DENTAIRE;ATD;;R;AU|SVI|HO;SVI
COMPLEMENT AT 150% LPP;ATL;;R;AU|SVI|HO;SVI
Autres moyens de transports;ATP;;R;AU|SVI|HO;SVI
FORFAIT D'ACCUEIL ET DE TRAITEMENT DES URGENCES ;ATU;;R;AU|SVI|HO;SVI
ACTES DE BIOLOGIE;B;Soins courants;R;SVI|HO;SVI
CONSULTATION DE PREVENTION BUCCO-DENTAIRE;BDC;Soins courants;R;SVI|HO;SVI
CONSULTATION ET RADIO 2 CLICHES DE PREVENTION BUCCO-DENTAIRE;BR2;Soins courants;R;SVI|HO;SVI
CONSULTATION ET RADIO 4 CLICHES DE PREVENTION BUCCO-DENTAIRE;BR4;Soins courants;R;SVI|HO;SVI
consultation;C;Soins courants;R;SVI|HO;SVI
CONSULTATION APPROFONDIE ;CA;Soins courants;R;SVI|HO;SVI
CONSULTATION SUIVI DE GROSSESSE;CG;Soins courants;R;SVI|HO;SVI
consultation de dépistage du mélanome réalisée au cabinet par le médecin spécialiste en dermatologie;CDE;Soins courants;R;SVI|HO;SVI
CONSULTATION NEURO-PSYCHIATRE;CNP;Soins courants;R;SVI|HO;SVI
PODO-ORTHESES ;COR;Soins courants;R;SVI|HO;SVI
FRAIS DE CHAMBRE PARTICULIERE POUR CONVENANCE PERSONNELLE ;CPC;Hospitalisation;R;HO;HO
COPIE D’ORDONNANCE;CPH;Soins courants;R;SVI|HO;SVI
MAJORATION CONSULTATION REGULEE DIMANCHE ET FERIE;CRD;;R;AU|SVI|HO;SVI
MAJORATION CONSULTATION REGULEE MILIEU DE NUIT;CRM;;R;AU|SVI|HO;SVI
MAJORATION CONSULTATION REGULEE DE NUIT;CRN;;R;AU|SVI|HO;SVI
MAJORATION CONSULTATION REGULEE DU SAMEDI APRES-MIDI;CRS;;R;AU|SVI|HO;SVI
consultation spécialisée;CS;Soins courants;R;SVI|HO;SVI
consultation cardiologue;CSC;Soins courants;R;SVI|HO;SVI
CONTRAT DE SURVEILLANCE THERMAL;CST;Soins courants;R;AU;AU
ACTES DENTAIRES;D;Dentaire;R;DET;DET
FORFAIT HEMODIALYSE EN CENTRE;D11;Hospitalisation;R;HO;HO
FORFAIT D'AUTODIALYSE SIMPLE;D12;Hospitalisation;R;HO;HO
FORFAIT D'AUTODIALYSE ASSISTEE;D13;Hospitalisation;R;HO;HO
FORFAIT D'HEMODIALYSE A DOMICILE ;D14;Hospitalisation;R;HO;HO
FORFAIT DE DIALYSE PERITONEALE AUTOMATISEE (DPA)|0;D15;Hospitalisation;R;HO;HO
FORFAIT DE DIALYSE PERITONEALE CONTINUE AMBULATOIRE (DPCA)|0;D16;Hospitalisation;R;HO;HO
FORFAIT D'ENTRAINEMENT A LA DIALYSE PERITONEALE automatisé à  domicile;D20;Hospitalisation;R;HO;HO
FORFAIT D'ENTRAINEMENT A LA DIALYSE PERITONEALE continue ambulatoire Ã  domicile;D21;Hospitalisation;R;HO;HO
FORFAIT DE DIALYSE PERITONEALE AUTOMATISEE POUR HOSPITALISATION DE 3 A 6 JOURS;D22;Hospitalisation;R;HO;HO
FORFAIT DE DIALYSE PERITONEALE CONTINUE AMBULATOIRE POUR HOSPITALISATION DE 3 A 6 JOURS;D23;Hospitalisation;R;HO;HO
FORFAIT D'ENTRAINEMENT A L'HEMODIALYSE EN UNITE DE DIALYSE MEDICALISEE;D24;Hospitalisation;R;HO;HO
ACTES DE CHIRURGIE DENTAIRE;DC;Dentaire;R;DET;DET
ACTE DE DEPISTAGE DU CANCER COLORECTAL;DCC;;R;AU|SVI|HO;SVI
Dépassement autorisé;DA;;R;AU|SVI|HO;SVI
Dépassement pour exigence particulière du malade;DE;;R;AU|SVI|HO;SVI
DEMARCHE DE SOINS INFIRMIERS;DI;Soins courants;R;SVI|HO;SVI
SUPPLEMENT JOURNALIER DIALYSE PERITONEALE;DIP;;R;AU|SVI|HO;SVI
DIALYSE TIERCE PERSONNE;DTP;;R;AU|SVI|HO;SVI
DIVERS ORTHESE;DVO;Soins courants;R;SVI|HO;SVI
ECART MEDICAMENT INDEMNISABLE;EMI;;R;AU|SVI|HO;SVI
FORFAIT D’ENTREE;ENT;;R;AU|SVI|HO;HO
ECART TARIF INDEMNISABLE;ETI;;R;AU|SVI|HO;SVI
SEJOUR EXTREME > SEUIL HAUT;EXH;;R;AU|SVI|HO;SVI
EXAMEN SPECIAL;EXS;;R;AU|SVI|HO;SVI
FORFAIT D'ACCUEIL (CHIRURGIE AMBULATOIRE);FA1;Hospitalisation;R;HO;HO
FORFAIT D'ACCUEIL (CHIRURGIE AMBULATOIRE);FA2;Hospitalisation;R;HO;HO
FRAIS D'ACCOMPAGNEMENT POUR ENFANT HOSPITALISE ;FAE;Hospitalisation;R;HO;HO
FORFAIT DE SEANCE D'AEROSOL THERAPIE;FAT;;R;AU|SVI|HO;SVI
FORFAIT CONSOMMABLES ONEREUX (CARDIOLOGIE) ;FCO;;R;AU|SVI|HO;SVI
FORFAIT DENTAIRE CMU : PROTHESES ADJOINTES ;FDA;Dentaire;R;DET;DET
FORFAIT DENTAIRE CMU : PROTHESES CONJOINTES;FDC;Dentaire;R;DET;DET
FORFAIT DENTAIRE CMU : PROTHESES ORTHODONTIQUES;FDO;Dentaire;R;DET;DET
FORFAIT DENTAIRE CMU : REPARATION PROTHESES;FDR;Dentaire;R;DET;DET
FRAIS D'ENVIRONNEMENT ;FE;;R;AU|SVI|HO;SVI
FORFAIT ENTRETIEN;FEN;;R;AU|SVI|HO;SVI
FORFAIT FRAIS DE MATERIEL;FFM;;R;AU|SVI|HO;SVI
FRAIS DE GESTION POUR CENTRE DE GRAND APPAREILLAGE ;FGA;Appareillage et audioprothèse;R;SVI;SVI
FRAIS DE GARDE PARTICULIERE ;FGP;;R;AU|SVI|HO;SVI
FORFAIT HONORAIRES DE VILLE ;FHV;;R;AU|SVI|HO;SVI
Forfait journalier;FJ;Hospitalisation;R;HO;HO
FORFAIT JOURNALIER DE SORTIE A LA CHARGE DE L'ASSURE;FJA;Hospitalisation;R;HO;HO
FORFAIT JOURNALIER SEUL (DU PAR UN ORGANISME COMPLEMENTAIRE);FJC;Hospitalisation;R;HO;HO
FORFAIT JOURNALIER SEUL (DU PAR LE REGIME LOCAL ALSACEMOSELLE);FJL;Hospitalisation;R;HO;HO
FORFAIT JOURNALIER DE SORTIE A LA CHARGE DU REGIME OBLIGATOIRE;FJR;Hospitalisation;R;HO;HO
FORFAIT JOURNALIER DE SORTIE A LA CHARGE DU REGIME ALSACEMOSELLE;FRL;Hospitalisation;R;HO;HO
FORFAIT MEDICAMENT DE VILLE FHV;FMV;Hospitalisation;R;HO;HO
FORFAIT NOUVEAU NE ;FNN;Hospitalisation;R;HO;HO
FORFAIT PROTHESE CONJOINTE (CMU hors panier de soins)|0;FPC;;R;AU|SVI|HO;SVI
forfait médecin traitant pour les patients hors ALD;FMT;Soins courants;R;SVI|HO;SVI
Forfait pédiatre et  généralistes enfants 0 à 2 ans;FPE;Soins courants;R;SVI|HO;SVI
Forfait cure thermale;FSH;Soins courants;R;AU;AU
FORFAIT ORTHODONTIQUE (CMU hors panier de soins)|0;FPO;;R;AU|SVI|HO;SVI
FRAIS DE SOINS;FS;;R;AU|SVI|HO;SVI
FORFAIT DE SECURITE DERMATOLOGIQUE;FSD;Soins courants;R;SVI|HO;SVI
FRAIS SALLE TRAVAIL ACCOUCHEMENT GEMELLAIRE OU DYSTOCIE ;FSG;Hospitalisation;R;HO;HO
FORFAIT DE SOINS JOURNALIER;FSJ;Hospitalisation;R;HO;HO
FRAIS DE SALLE D'OPERATION ;FSO;Hospitalisation;R;HO;HO
FRAIS SALLE TRAVAIL ACCOUCHEMENT SIMPLE;FST;;R;AU|SVI|HO;SVI
FRAIS DE SALLE D'OPERATION EN PSYCHIATRIE ;FSY;Hospitalisation;R;HO;HO
FORFAIT TECHNIQUE TARIF REDUIT N°2;FR2;;R;AU|SVI|HO;SVI
FORFAIT TECHNIQUE TARIF REDUIT N°3;FR3;;R;AU|SVI|HO;SVI
FORFAIT TECHNIQUE NORMAL;FTN;;R;AU|SVI|HO;SVI
FORFAIT TECHNIQUE GLOBAL;FTG;;R;AU|SVI|HO;SVI
FORFAIT TECHNIQUE REDUIT;FTR;;R;AU|SVI|HO;SVI
FORFAIT TECHNIQUE SCANNER;FTS;;R;AU|SVI|HO;SVI
NUTRIMENTS POUR INTOLERANTS AU GLUTEN;GLU;Soins courants;R;SVI;SVI
Groupement homogène de séjours;GHS;Hospitalisation;R;HO;HO
GROUPE HOMOGENE DE TARIF ;GHT;Hospitalisation;R;HO;HO
HONORAIRE COMPLEXE;HC;Hospitalisation;R;HO;HO
ACCES LIBRE HORS COORDINATION DES SOINS ;HCS;Hospitalisation;R;HO;HO
HONORAIRES DE DISPENSIATION A 100% ;HD1;Soins courants;R;SVI;SVI
HONORAIRES DE DISPENSIATION A 15% ;HD2;Soins courants;R;SVI;SVI
HONORAIRES DE DISPENSIATION A 30% ;HD4;Soins courants;R;SVI;SVI
HONORAIRES DE DISPENSIATION A 65% ;HD7;Soins courants;R;SVI;SVI
HONORAIRES DE DISPENSIATION A 100%;HG1;Soins courants;R;SVI;SVI
HONORAIRES DE DISPENSIATION A 15% ;HG2;Soins courants;R;SVI;SVI
HONORAIRES DE DISPENSIATION A 30 %;HG4;Soins courants;R;SVI;SVI
HONORAIRES DE DISPENSIATION A 65 % ;HG7;Soins courants;R;SVI;SVI
HORS NOMENCLATURE;HN;;R;AU|SVI|HO;SVI
HONORAIRES DE SURVEILLANCE;HS;Hospitalisation;R;HO;HO
Forfait hébergement cure thermale;HTH;Soins courants;R;AU;AU
PRODUITS ORIGINE HUMAINE;HUM;;R;AU|SVI|HO;SVI
CONSULTATION GENERALISTE IVG;IC;Soins courants;R;SVI|HO;SVI
CONSULTATION SPECIALISTE IVG;ICS;Soins courants;R;SVI|HO;SVI
INDEMNITE DE DEPLACEMENT;ID;;R;AU|SVI|HO;SVI
INDEMNITE FORFAITAIRE DE DEPLACEMENT POUR AUXILIAIRES MEDICAUX;IFA;;R;AU|SVI|HO;SVI
INDEMNITE FORFAITAIRE DEPLACEMENT MK NEUROLOGIQUE;IFN;;R;AU|SVI|HO;SVI
INDEMNITE FORFAITAIRE DEPLACEMENT MK ORTHOPEDIQUE ET RHUMATOLOGIQUE;IFO;;R;AU|SVI|HO;SVI
INDEMNITE FORFAITAIRE DEPLACEMENT MK PNEUMOLOGIE;IFP;;R;AU|SVI|HO;SVI
INDEMNITE FORFAITAIRE DEPLACEMENT MK RHUMATISMALE;IFR;;R;AU|SVI|HO;SVI
INDEMNITE FORFAITAIRE DEPLACEMENT MK DE SORTIE;IFS;;R;AU|SVI|HO;SVI
INTERVENTION IVG;IG;;R;AU|SVI|HO;SVI
ANESTHESIE IVG;IGA;;R;AU|SVI|HO;SVI
INVESTIGATIONS BIOLOGIQUES;IGB;Soins courants;R;SVI|HO;SVI
MIFEGYNE - PHARMACIE IVG;IGM;Soins courants;R;AU;AU
PROSTAGLANDINES - PHARMACIE IVG;IGP;;R;AU|SVI|HO;SVI
INDEMNITES KILOMETRIQUES;IK;;R;AU|SVI|HO;SVI
INDEMNITE KILOMETRIQUE MONTAGNE;IKM;;R;AU|SVI|HO;SVI
INDEMNITE KILOMETRIQUE SPECIALE (SKI-PIED-BAC);IKS;;R;AU|SVI|HO;SVI
FORFAIT INTERVENTION DUREE <=12H;IMD;;R;AU|SVI|HO;SVI
Forfait Intervention duree <=12H ;IMI;;R;AU|SVI|HO;SVI
FORFAIT INTERVENTION, 24H>DUREE>12H;IPD;;R;AU|SVI|HO;SVI
VERIFICATION BIOLOGIQUE - IVG;IVB;Soins courants;R;SVI|HO;SVI
VERIFICATION ECHOGRAPHIQUE - IVG;IVE;Soins courants;R;SVI|HO;SVI
indemnité forfaitaire de déplacement;IFD;;R;AU|SVI|HO;SVI
Indemnité spéciale de dérangement;ISD;;R;AU|SVI|HO;SVI
acte technique;K;;R;AU|SVI|HO;SVI
ACTES DE CHIRURGIE D'URGENCE;KA;Hospitalisation;R;HO;HO
PRELEVEMENT DIRECTEUR DE LABORATOIRE;KB;Soins courants;R;SVI|HO;SVI
ACTES DE CHIRURGIE DENTAIRE PAR STOMATOLOGUE;KC;Dentaire;R;DET;DET
PRELEVEMENT PAR PONCTION VEINEUSE DIRECTE POUR UN MEDECIN BIOLOGISTE;KMB;;R;AU|SVI|HO;SVI
ACTE EN K POUR PHONIATRE;KMO;;R;AU|SVI|HO;SVI
PRATIQUES MEDICALES COMPLEMENTAIRES EN CURE THERMALE;KTH;;R;AU|SVI|HO;SVI
LAIT HUMAIN;LAI;;R;AU|SVI|HO;SVI
LENTILLES OPTIQUES;LEN;Optique;R;OPT;OPT
MONTURE OPTIQUE;LUN;Optique;R;OPT;OPT
MAJORATION POUR ASTREINTE;MA;;R;AU|SVI|HO;SVI
MAJORATION ANNUELLE FAMILLE CNP;MAF;;R;AU|SVI|HO;SVI
MARGE FORFAITAIRE;MAR;;R;AU|SVI|HO;SVI
MAJORATION ANNUELLE DE SYNTHESE;MAS;;R;AU|SVI|HO;SVI
Forfait cure thermale;KPH;Soins courants;R;AU;AU
Majoration Acte Unique;MAU;;R;AU|SVI|HO;SVI
majoration pour l'examen médical obligatoire du nourrisson dans les 8 jours suivant la naissance pour le pédiatre.|7;MBB;;R;AU|SVI|HO;SVI
majoration de coordination pour les cardiologues;MCC;Soins courants;R;SVI|HO;SVI
MAJORATION SPECIFIQUE PDS CLINIQUES DENTISTES;MCD;Hospitalisation;R;HO;HO
majoration pour le spécialiste en endocrinologie et en médecine interne avec compétence en diabétologie moins de 16 ans;MCE;Soins courants;R;SVI|HO;SVI
MAJORATION COORDINATION GENERALISTE;MCG;Soins courants;R;SVI|HO;SVI
Majoration Coordination Infirmière;MCI;Soins courants;R;SVI|HO;SVI
majoration de coordination;MCS;Soins courants;R;SVI|HO;SVI
majoration de coordination en psychiatrie;MCSPSY;Soins courants;R;SVI|HO;SVI
MAJORATION de DEPLACEMENT;MD;;R;AU|SVI|HO;SVI
majoration de déplacement pour visite à domicile justifiée de dimanche et jour férié;MDD;;R;AU|SVI|HO;SVI
majoration de déplacement pour visite à domicile justifiée de nuit de 00h00 à 6h00;MDI;;R;AU|SVI|HO;SVI
majoration de déplacement pour visite à domicile justifiée de nuit de 20h00 à 00h00 et de 6h00 à 8h00;MDN;;R;AU|SVI|HO;SVI
 majoration forfaitaire de sujétion particulière pour l'ensemble des actes liés au premier accouchement pour le premier acte lié à la surveillance et pour les soins spécialisés des nouveaux-nés réalisés la nuit, le dimanche et les jours fériés;MG;;R;AU|SVI|HO;SVI
majoration pour les enfants de 2 à 6 ans;MGE;;R;AU|SVI|HO;SVI
MEDICAMENT HOMEOPATHIQUE UNITAIRE (à 35 %);MHU;Soins courants;R;SVI;SVI
majoration pour consultation d'un patient insuffisant cardiaque après hospitalisation par le médecin traitant;MIC;;R;AU|SVI|HO;SVI
CURES THERMALES FORFAIT KINE 18 séances collectives;MK1;Soins courants;R;AU;AU
CURES THERMALES FORFAIT KINE 18 séances individuelles;MK2;Soins courants;R;AU;AU
CURES THERMALES FORFAIT KINE 9 séances collectives;MK3;Soins courants;R;AU;AU
CURES THERMALES FORFAIT KINE 9 séances individuelles;MK4;Soins courants;R;AU;AU
Majoration de nuit de 00h00 à 6h00;MM;;R;AU|SVI|HO;SVI
Majoration de nuit de 20h00 à 00h00 et de 6h00 à 8h00;MN;;R;AU|SVI|HO;SVI
majoration pour les enfants de 0 à 2 ans;MNO;;R;AU|SVI|HO;SVI
majoration pour le pédiatre pour les consultations d'enfants de 0 à 25 mois;MNP;;R;AU|SVI|HO;SVI
rémunération forfaitaire pour les patients âgés de 80 ans et plus;MPA;;R;AU|SVI|HO;SVI
majoration forfaitaire transitoire applicable à la CS;MPC;;R;AU|SVI|HO;SVI
majoration forfaitaire transitoire applicable à la CS en psychiatrie;MPCPSY;;R;AU|SVI|HO;SVI
majoration pour la prise en charge des enfants de 25 mois à 6 ans par le pédiatre;MPE;;R;AU|SVI|HO;SVI
majoration pour la première consultation familiale pour le psychiatre et pédopsychiatre pour un enfant présentant une pathologie psychiatrique grave relevant d'une ALD;MPF;;R;AU|SVI|HO;SVI
MAJORATION PHARMACIE DES ILES;MPI;;R;AU|SVI|HO;SVI
majoration forfaitaire transitoire applicable à la consultation par le pédiatre pour les enfants de 2 à 16 ans;MPJ;;R;AU|SVI|HO;SVI
pour le pédiatre : majoration de suivi par le pédiatre des enfants nés grands prématurés ou atteints d'une pathologie congénitale grave;MPP;;R;AU|SVI|HO;SVI
majoration pour la consultation de suivi de sortie d'hospitalisation de court séjour des patients à forte comorbidité par le médecin traitant;MSH;;R;AU|SVI|HO;SVI
Majoration pour le spécialiste en médecine physique et réadaptation;MTA;;R;AU|SVI|HO;SVI
ACCES DIRECT SPECIFIQUE (MÉDECIN TRAITANT);MTD;Soins courants;R;SVI|HO;SVI
HORS RESIDENCE HABITUEL (MÉDECIN TRAITANT);MTH;Soins courants;R;SVI|HO;SVI
NOUVEAU MÉDECIN TRAITANT;MTN;Soins courants;R;SVI|HO;SVI
PATIENT ORIENTE PAR LE MÉDECIN TRAITANT;MTO;Soins courants;R;SVI|HO;SVI
MÉDECIN TRAITANT REMPLACE;MTR;Soins courants;R;SVI|HO;SVI
URGENCE (MÉDECIN TRAITANT);MTU;Soins courants;R;SVI|HO;SVI
majoration d'urgence;MU;;R;AU|SVI|HO;SVI
SUPPLEMENT NEONATOLOGIE 1 ;NN1;;R;AU|SVI|HO;SVI
SUPPLEMENT NEONATOLOGIE 2;NN2;;R;AU|SVI|HO;SVI
SUPPLEMENT NEONATOLOGIE 3 ;NN3;;R;AU|SVI|HO;SVI
ALIMENT DIETETIQUE;NUT;Soins courants;R;AU;AU
FORFAIT MONTURE MOINS DE 18 ANS (CMU);OME;Optique;R;OPT;OPT
OPTIQUE ;OPT;Optique;R;OPT;OPT
ORTHOPROTHESES;ORP;Appareillage et audioprothèse;R;SVI;SVI
orthodontie;ORT;Dentaire;R;DET;DET
ORTHESES;PA;Appareillage et audioprothèse;R;SVI;SVI
PARTICIPATION ASSURE POUR SOINS EXTERNES EN ÉTABLISSEMENT ex DG;PAE;Hospitalisation;R;HO;HO
PARTICIPATION ASSURE POUR HOSPITALISATION EN ÉTABLISSEMENT ex DG;PAH;Hospitalisation;R;HO;HO
PARTICIPATION ASSURE POUR HOSPITALISATION POUR BENEF ALSACE MOSELLE;PAJ;Hospitalisation;R;HO;HO
PARTICIPATION ASSURE POUR SOINS EXTERNES POUR BENEF ALSACE;PAL;Hospitalisation;R;HO;HO
PANSEMENTS;PAN;Appareillage et audioprothèse;R;SVI;SVI
PARTICIPATION ASSURE SEJOUR;PAS;Hospitalisation;R;HO;HO
PARTICIPATION ASSURE POUR SOINS DE VILLE ET SOINS EXTERNES;PAV;Hospitalisation;R;HO;HO
PRELEVEMENT SANGUIN PAR DIRECTEUR DE LABORATOIRE NON MEDECIN;PB;Soins courants;R;SVI|HO;SVI
DISPOSITIF MEDICAL;PDM;;R;AU|SVI|HO;SVI
PROTHESE EXTERNE NON ORTHOPEDIQUE ;PEX;Appareillage et audioprothèse;R;SVI;SVI
PHARMACIE 100%;PH1;Soins courants;R;SVI;SVI
PHARMACIE 15% ;PH2;Soins courants;R;SVI;SVI
PHARMACIE 30%;PH4;Soins courants;R;SVI;SVI
PHARMACIE 65%;PH7;Soins courants;R;SVI;SVI
PHARMACIE FACTUREE EN SUS DU GHS;PH8;Soins courants;R;SVI;SVI
FORFAIT PHARMACIE ACCOUCHEMENT A DOMICILE ;PHA;Soins courants;R;SVI;SVI
PHARMACIE HOSPITALIERE DEROGATOIRE;PHD;Soins courants;R;SVI;SVI
PHARMACIE HOSPITALIERE RETROCEDEE (taux 100%) ;PHH;Soins courants;R;SVI;SVI
MEDICAMENT AVEC AUTORISATION D'IMPORTATION ;PHI;Soins courants;R;SVI;SVI
FORFAIT PHARMACEUTIQUE JOURNALIER ;PHJ;Soins courants;R;SVI;SVI
PHARMACIE HOSPITALIERE RETROCEDEE (taux 35%) ;PHQ;Soins courants;R;SVI;SVI
PREPARATION HOSPITALIERE MAGISTRALE ;PHM;;R;AU|SVI|HO;SVI
PHARMACIE NON REMBOURSABLE;PHN;Soins courants;R;SVI;SVI
PREPARATION HOSPITALIERE ;PHP;;R;AU|SVI|HO;SVI
PHARMACIE HOSPITALIERE RETROCEDEE (taux 65%)|0;PHS;Soins courants;R;SVI;SVI
PHARMACIE HOSPITALIERE MMH ;PHT;Soins courants;R;SVI;SVI
MEDICAMENT AVEC AUTORISATION TEMPORAIRE D'UTILISATION NOMINATIVE;PHU;Soins courants;R;SVI;SVI
IMPLANT INERTE ;PII;Appareillage et audioprothèse;R;SVI;SVI
FRAIS DE SEJOUR ;PJ;Hospitalisation;R;HO;HO
TICKET MODERATEUR RELATIF AUX FRAIS DE SEJOUR;PJC;;R;AU|SVI|HO;SVI
FRAIS DE SEJOUR IME ;PJE;;R;AU|SVI|HO;SVI
PREPARATION MAGISTRALE ALLOPATHIQUE 15% ;PM2;Soins courants;R;SVI|HO;SVI
PREPARATION MAGISTRALE ALLOPATHIQUE 35% ;PM4;Soins courants;R;SVI|HO;SVI
IMPLANT MU PAR ELECTRICITE ;PME;Appareillage et audioprothèse;R;SVI;SVI
PREPARATION MAGISTRALE HOMEOPATHIQUE ;PMH;;R;AU|SVI|HO;SVI
PRESCRIPTION ETABLIE PAR MEDECIN CORRESPONDANT DANS LE PARCOURS DE SOINS;PMO;;R;AU|SVI|HO;SVI
PRESCRIPTION ETABLIE DANS UNE AUTRE SITUATION DU PARCOURS DE SOINS;PMP;;R;AU|SVI|HO;SVI
PREPARATION MAGISTRALE ;PMR;Soins courants;R;SVI|HO;SVI
MAJORATION PMSI ;PMS;;R;AU|SVI|HO;SVI
PRESCRIPTION ETABLIE PAR LE MEDECIN TRAITANT;PMT;Soins courants;R;SVI|HO;SVI
PRELEVEMENT ORGANE 1 GHS ;PO1;Hospitalisation;R;HO;HO
PRELEVEMENT ORGANE 2 GHS ;PO2;Hospitalisation;R;HO;HO
PRELEVEMENT ORGANE 3 GHS;PO3;Hospitalisation;R;HO;HO
PRELEVEMENT ORGANE 4 GHS ;PO4;Hospitalisation;R;HO;HO
PRELEVEMENT ORGANE 5 GHS ;PO5;Hospitalisation;R;HO;HO
PRELEVEMENT ORGANE 6 GHS ;PO6;Hospitalisation;R;HO;HO
PRELEVEMENT ORGANE 7 GHS ;PO7;Hospitalisation;R;HO;HO
PRELEVEMENT ORGANE 8 GHS;PO8;Hospitalisation;R;HO;HO
PRELEVEMENT ORGANE 9 GHS ;PO9;Hospitalisation;R;HO;HO
PRELEVEMENT D'ORGANE A GHS;POA;Hospitalisation;R;HO;HO
PROTHESE OCULAIRE ET FACIALE ;POC;Appareillage et audioprothèse;R;SVI;SVI
Acte de pédicure-podologue;POD;Soins courants;R;SVI|HO;SVI
PLAN PERSONNALISE DE SANTE PHARMACIE;PPH;Soins courants;R;SVI;SVI
PREPARATION PHARMACEUTIQUE INDIVIDUALISEE (allergènes);PPI;Soins courants;R;SVI;SVI
PRESTATION PARTICULIERE ET PANDEMIE;PPP;;R;AU|SVI|HO;SVI
PLAN PERSONNALISE DE SANTE;PPS;;R;AU|SVI|HO;SVI
prothèse;PRO;Appareillage et audioprothèse;R;SVI;SVI
PRESCRIPTION ETABLIE HORS PARCOURS DE SOINS;PSC;Soins courants;R;SVI|HO;SVI
FORFAIT PSYCHIATRIE SEANCE COLLECTIVE 1 INTERVENANT ;PY0;Soins courants;R;PSY;PSY
FORFAIT PSYCHIATRIE SEANCE INDIVIDUELLE ;PY1;Soins courants;R;PSY;PSY
FORFAIT PSYCHIATRIE SEANCE COLLECTIVE 2 INTERVENANTS;PY2;Soins courants;R;PSY;PSY
FORFAIT PSYCHIATRIE SEANCE INDIVIDUELLE 2 INTERVENANTS;PY3;Soins courants;R;PSY;PSY
FORFAIT PSYCHIATRIE SEANCE COLLECTIVE 1 INTERVENANT;PY4;Soins courants;R;PSY;PSY
FORFAIT PSYCHIATRIE SEANCE INDIVIDUELLE 1 INTERVENANT;PY5;Soins courants;R;PSY;PSY
FORFAIT PSYCHIATRIE SEANCE COLLECTIVE 2 INTERVENANTS;PY6;Soins courants;R;PSY;PSY
FORFAIT PSYCHIATRIE SEANCE INDIVIDUELLE 2 INTERVENANTS;PY7;Soins courants;R;PSY;PSY
FORFAIT PSYCHIATRIE DE SECURITE SANS HEBERGEMENT;PY8;Soins courants;R;PSY;PSY
FORFAIT PSYCHIATRIE D'ACCUEIL ET DE SUIVI DE NUIT ;PY9;Soins courants;R;PSY;PSY
SUPPLEMENT RADIOTHERAPIE PEDIATRIQUE ;RAP;Soins courants;R;SVI|HO;SVI
SUPPLEMENT REANIMATION ;REA;;R;AU|SVI|HO;SVI
REANIMATION PEDIATRIQUE ;REP;;R;AU|SVI|HO;SVI
SOINS CONSERVATEURS PAR DENTISTE;SC;Soins courants;R;SVI|HO;SVI
rémunération spécifique annuelle du médecin traitant pour un patient en ALD;RMT;;R;AU|SVI|HO;SVI
soins conservateurs médecins;SCM;;R;AU|SVI|HO;SVI
SEANCES DE DIAGNOSTIC;SD;;R;AU|SVI|HO;SVI
FORFAIT ENVIRONNEMENT HOSPITALIER 1 ;SE1;Hospitalisation;R;HO;HO
FORFAIT ENVIRONNEMENT HOSPITALIER 2 ;SE2;Hospitalisation;R;HO;HO
FORFAIT ENVIRONNEMENT HOSPITALIER 3;SE3;Hospitalisation;R;HO;HO
FORFAIT ENVIRONNEMENT HOSPITALIER;SE4;Hospitalisation;R;HO;HO
SUITE EXAMEN DE SANTE;SES;Hospitalisation;R;HO;HO
Actes de sage-femme;SF;Soins courants;R;SVI|HO;SVI
soins infirmiers par sage-femme;SFI;Soins courants;R;SVI|HO;SVI
SUPPLEMENT CHAMBRE PARTICULIERE POUR RAISON THERAPEUTIQUE;SHO;Hospitalisation;I;HO;HO
SMUR;SMU;Hospitalisation;R;HO;HO
SANG PLASMA ET DERIVES;SNG;;R;AU|SVI|HO;SVI
FRAIS DE SEANCE DE SOINS;SNS;;R;AU|SVI|HO;SVI
suivi postnatal;SP;;R;AU|SVI|HO;SVI
ACTES DE PROTHESE DENTAIRE PAR CHIRURGIEN DENTISTE ;SPR;Dentaire;R;DET;DET
SUPPLEMENT SURVEILLANCE CONTINUE ;SRC;;R;AU|SVI|HO;SVI
SUPPLEMENT POUR SURVEILLANCE MALADE ;SSM;;R;AU|SVI|HO;SVI
FORFAIT SOINS INTENSIFS;STF;;R;AU|SVI|HO;SVI
forfait de surveillance médicale des cures thermales;STH;Soins courants;R;AU;AU
PRELEVEMENT SANGUIN PAR TECHNICIEN DE LABORATOIRE;TB;Soins courants;R;SVI|HO;SVI
TEST DE DIAGNOSTIC RAPIDE (acte gratuit)|0;TDR;;R;AU|SVI|HO;SVI
PARODONTOLOGIE;TD3;;R;AU|SVI|HO;SVI
Forfait cure thermale;TH1;Soins courants;R;AU;AU
Forfait cure thermale;TH2;Soins courants;R;AU;AU
Forfait cure thermale;TH3;Soins courants;R;AU;AU
Forfait cure thermale;TH4;Soins courants;R;AU;AU
Forfait cure thermale;TH5;Soins courants;R;AU;AU
Forfait cure thermale;THR;Soins courants;R;AU;AU
TARIF JOURNALIER COMPLEMENTAIRE;TJC;;R;AU|SVI|HO;SVI
TRAITEMENT NICOTINIQUE DE SUBSTITUTION;TNS;;R;AU|SVI|HO;SVI
Traitements d'orthopédie dento-faciale par chirurgien dentiste;TO;Dentaire;R;DET;DET
FRAIS TRANSPORT PRODUITS SANGUINS;TSG;;R;AU|SVI|HO;SVI
Forfait transport cure thermale;TTH;Soins courants;R;AU;AU
TAXI TARIF A;TXA;Hospitalisation;R;HO;HO
TAXI TARIF B ;TXB;Hospitalisation;R;HO;HO
TAXI TARIF C;TXC;Hospitalisation;R;HO;HO
TAXI TARIF D ;TXD;Hospitalisation;R;HO;HO
TAXI TARIF F;TXF;Hospitalisation;R;HO;HO
TRANSPORT PAR TAXI ;TXI;Hospitalisation;R;HO;HO
URGENCE PHARMACIE;UPH;Soins courants;R;SVI;SVI
visite;V;Soins courants;R;SVI|HO;SVI
Visite longue maladies neuro-dégénératives;VL;Soins courants;R;SVI|HO;SVI
VIDEOCAPSULE en cabinet de ville;VDC;;R;AU|SVI|HO;SVI
 VIDEOCAPSULE en établissement;VDE;;R;AU|SVI|HO;SVI
VEHICULE POUR HANDICAPES PHYSIQUES ;VEH;Appareillage et audioprothèse;R;SVI;SVI
VERRES OPTIQUES;VER;Optique;R;OPT;OPT
VISITE NEUROPSYCHIATRE;VNP;Soins courants;R;SVI|HO;SVI
MAJORATION VISITE REGULEE FERIE ET DIMANCHE;VRD;;R;AU|SVI|HO;SVI
MAJORATION VISITE REGULEE MILIEU DE NUIT;VRM;;R;AU|SVI|HO;SVI
MAJORATION VISITE REGULEE NUIT;VRN;;R;AU|SVI|HO;SVI
MAJORATION VISITE REGULEE DU SAMEDI APRES-MIDI;VRS;;R;AU|SVI|HO;SVI
visite spécialiste;VS;Soins courants;R;SVI|HO;SVI
Véhicules sanitaire léger;VSL;Hospitalisation;R;HO;HO
Actes de radiologie;Z;Soins courants;R;SVI|HO;SVI
Acte non remboursable;NR;;R;AU|SVI|HO;SVI
Majoration dimanche et jour férié;F;;R;AU|SVI|HO;SVI
Majoration d'urgence;U;;R;AU|SVI|HO;SVI
Majoration de nuit;N;;R;AU|SVI|HO;SVI
Actes techniques médicaux;ATM;;R;AU|SVI|HO;SVI
Actes d'obstétrique;ACO;;R;AU|SVI|HO;SVI
Actes d'anesthésie;ADA;Hospitalisation;R;HO;HO
Actes de chirurgie;ADC;Hospitalisation;R;HO;HO
Actes d'échographie;ADE;Soins courants;R;SVI|HO;SVI
Actes d'imagerie;ADI;Soins courants;R;SVI|HO;SVI
Endodontie;END;Dentaire;R;DET;SVI
Prothèses dentaires provisoires;PDT;Dentaire;R;DET;DET
Inlay-core;ICO;Dentaire;R;DET;DET
Pose d'implants ou de matériel pour implantologie;IMP;Appareillage et audioprothèse;R;SVI;SVI
Prothèses Fixes Métalliques;PFM;Dentaire;R;DET;DET
Prothèses Fixes Céramiques;PFC;Dentaire;R;DET;DET
Prothèses amovibles définitives résine;PAR;Dentaire;R;DET;DET
Prothèses amovibles définitives métallique;PAM;Dentaire;R;DET;DET
Réparations sur prothèse;RPN;Dentaire;R;DET;DET
Acte dentaire;DEN;Dentaire;R;DET;DET
Parodontologie;TDS;Dentaire;R;DET;DET
Actes de Prophylaxie et Prévention;AXI;Dentaire;R;DET;DET
Actes Inlay-Onlay;INO;Dentaire;R;DET;DET
Matériels et appareils de contention;MAC;Appareillage et audioprothèse;R;SVI;SVI
Matériels et appareils de traitements divers;MAD;Appareillage et audioprothèse;R;SVI;SVI
Prothèse auditive;PAU;Appareillage et audioprothèse;R;SVI;SVI
Soins dentaires;SDE;Dentaire;R;DET;DET
Maternité;AM;;R;HO;SVI
Grand appareillage;GA;Appareillage et audioprothèse;R;SVI;SVI
VERRE TEINTE MULTI FOCAL OU PROGRESSIF, < 18 ANS, SPHERE DE -8,00 A +8,00;2282221;;LPP;;
VERRE BLANC MULTIFOCAL OU PROGRESSIF, < 18 ANS, SPHERE DE -8,00 A +8,00;2240671;;LPP;;
VERRE TEINTE MULTI FOCAL OU PROGRESSIF, < 18 ANS, SPHERE H.Z DE -8,00 A +8,00;2259660;;LPP;;
VERRE BLANC MULTIFOCAL OU PROGRESSIF, < 18 ANS, SPHERE H.Z DE -8,00 A +8,00;2234239;;LPP;;
VERRE BLANC MULTIFOCAL OU PROGRESSIF, < 18 ANS, SPHERE H.Z DE -4,00 A +4,00;2238792;;LPP;;
VERRE  BLANC MULTIFOCAL OU PROGRESSIF, < 18 ANS, SPHERE DE -4,00 A +4,00;2259245;;LPP;;
VERRE TEINTE MULTI FOCAL OU PROGRESSIF, < 18 ANS, SPHERE DE -4,00 A +4,00;2264045;;LPP;;
VERRE BLANC SIMPLE FOYER, < 18 ANS, CYLINDRE > +4,00, SPHERE H.Z -6,00 A +6,00;2245036;;LPP;;
VERRE TEINTE SIMPLE FOYER, < 18 ANS, CYLINDRE > +4,00, SPHERE DE  -6,00 A +6,00;2268385;;LPP;;
VERRE BLANC SIMPLE FOYER, < 18 ANS, CYLINDRE > +4,00, SPHERE DE  -6,00 A +6,00;2238941;;LPP;;
VERRE TEINTE SIMPLE FOYER, < 18 ANS,CYLINDRE <OU= +4,00,SPHERE H.Z -6,00 A +6,00;2219381;;LPP;;
VERRE BLANC SIMPLE FOYER,< 18 ANS,CYLINDRE < OU = +4,00,SPHERE H.Z -6,00 A +6,00;2283953;;LPP;;
VERRE TEINTE SIMPLE FOYER, <18 ANS, CYLINDRE <OU= +4,00, SPHERE DE -6,00 A +6,00;2270413;;LPP;;
VERRE BLANC SIMPLE FOYER, < 18 ANS, SPHERE H.Z DE -10,00 A +10,00;2273854;;LPP;;
VERRE BLANC SIMPLE FOYER, <18 ANS, CYLINDRE <OU= +4,00, SPHERE DE -6,00 A +6,00;2200393;;LPP;;
VERRE TEINTE SIMPLE FOYER, < 18 ANS, SPHERE H.Z DE -10,00 A +10,00;2248320;;LPP;;
VERRE TEINTE SIMPLE FOYER, < 18 ANS, SPHERE DE +6,25 A +10,00;2291088;;LPP;;
VERRE TEINTE SIMPLE FOYER, < 18 ANS, SPHERE DE -6,25 A -10,00;2297441;;LPP;;
VERRE BLANC SIMPLE FOYER, < 18 ANS, SPHERE DE +6,25 A +10,00;2243304;;LPP;;
VERRE BLANC SIMPLE FOYER, < 18 ANS, SPHERE DE -6,25 A -10,00;2243540;;LPP;;
VERRE TEINTE SIMPLE FOYER, < 18 ANS, SPHERE DE -6,00 A +6,00;2242457;;LPP;;
VERRE BLANC SIMPLE FOYER, < 18 ANS, SPHERE DE -6,00 A +6,00;2261874;;LPP;;
VERRE TEINTE MULTIFOCAL OU PROGRESSIF, >OU= 18 ANS, SPHERE H.Z DE -4,00 A +4,00;2295198;;LPP;;
VERRE BLANC MULTIFOCAL OU PROGRESSIF, > OU = 18 ANS, SPHERE H.Z DE -8,00 A +8,00;2202239;;LPP;;
VERRE BLANC MULTIFOCAL OU PROGRESSIF, > OU = 18 ANS, SPHERE H.Z DE -4,00 A +4,00;2245384;;LPP;;
VERRE TEINTE MULTIFOCAL OU PROGRESSIF, > OU = 18 ANS, SPHERE DE -4,00 A +4,00;2291183;;LPP;;
VERRE TEINTE MULTIFOCAL OU PROGRESSIF, > OU = 18 ANS, SPHERE DE  -8,00 A +8,00;2299180;;LPP;;
VERRE BLANC MULTIFOCAL OU PROGRESSIF, > OU = 18 ANS, SPHERE DE  -8,00 A +8,00;2227038;;LPP;;
VERRE BLANC MULTIFOCAL OU PROGRESSIF, > OU = 18 ANS, SPHERE DE -4,00 A +4,00;2290396;;LPP;;
VERRE TEINTE SIMPLE FOYER , >OU=18 ANS, CYLINDRE >+4,00,SPHERE H.Z -6,00 A +6,00;2299523;;LPP;;
VERRE BLANC SIMPLE FOYER , >OU=18 ANS, CYLINDRE >+4,00, SPHERE H.Z -6,00 A +6,00;2288519;;LPP;;
VERRE TEINTE SIMPLE FOYER, > OU= 18 ANS, CYLINDRE >+4,00, SPHERE DE  -6,00/+6,00;2252668;;LPP;;
VERRE BLANC SIMPLE FOYER, > OU = 18 ANS, CYLINDRE >+4,00,SPHERE DE -6,00 A +6,00;2212976;;LPP;;
VERRE TEINTE SIMPLE FOYER, >OU=18 ANS,CYLINDRE <OU=+4,OO,SPHERE HZ -6,00 A +6,00;2254868;;LPP;;
VERRE BLANC SIMPLE FOYER,>OU= 18 ANS,CYLINDRE <OU=+4,00,SPHERE H.Z -6,00 A +6,00;2284527;;LPP;;
VERRE BLANC SIMPLE FOYER, >OU =18 ANS,CYLINDRE <OU= +4,00, SPHERE -6,00 A +6,00;2259966;;LPP;;
VERRE TEINTE SIMPLE FOYER, > OU = 18 ANS, SPHERE H.Z DE -10,00 A +10,00;2295896;;LPP;;
VERRE BLANC SIMPLE FOYER, > OU = 18 ANS, SPHERE H.Z DE -10,00 A +10,00;2235776;;LPP;;
VERRE TEINTE SIMPLE FOYER, > OU = 18 ANS, SPHERE DE +6,25 A +10,00;2265330;;LPP;;
VERRE TEINTE SIMPLE FOYER, > OU = 18 ANS, SPHERE DE -6,25 A -10,00;2263459;;LPP;;
VERRE BLANC SIMPLE FOYER, > OU = 18 ANS, SPHERE DE +6,25 A +10,00;2280660;;LPP;;
VERRE BLANC SIMPLE FOYER, > OU = 18 ANS, SPHERE DE -6,25 A -10,00;2282793;;LPP;;
VERRE TEINTE SIMPLE FOYER, > OU = 18 ANS, SPHERE DE -6,00 A +6,00;2287916;;LPP;;
VERRE BLANC SIMPLE FOYER, > OU = 18 ANS, SPHERE DE -6,00 A +6,00;2203240;;LPP;;
MONTURE , > OU = 18 ANS;2223342;;LPP;;
MONTURE , < 18 ANS;2210546;;LPP;;
VERRE TEINTE SIMPLE FOYER, >OU= 18 ANS,CYLINDRE < OU =+4,00,SPHERE -6,00 A +6,00;2226412;;LPP;;
VERRE TEINTE MULTI FOCAL OU PROGRESSIF, < 18 ANS, SPHERE H.Z DE -4,00 A +4,00;2202452;;LPP;;
Forfait Ultérieur Biologie IVG ville;FUB;Soins courants;R;SVI|HO;SVI
Forfait d'urgence sur appel du SAMU;FUS;Soins courants;R;SVI|HO;SVI
Forfait Transport d'urgence;FTU;Soins courants;R;SVI|HO;SVI
Echo pré IVG;IPE;Soins courants;R;SVI|HO;SVI
Pharmacie sous ATU séjour;PHX;Soins courants;R;SVI|HO;SVI
Majoration Enfant Généraliste;MEG;Soins courants;R;SVI|HO;SVI
Nouveau Forfait Pédiatrique;NFP;Soins courants;R;SVI|HO;SVI
Nouveau Forfait Enfant;nfe;Soins courants;R;SVI|HO;SVI
Majoration enfant Pédiatre;MEP;Soins courants;R;SVI|HO;SVI
Majoration pour le médecin généraliste;MMG;Soins courants;R;SVI|HO;SVI
Consultation Médecine générale;G;Soins courants;R;SVI|HO;SVI
Consultation Spécialiste Médecine Générale;GS;Soins courants;R;SVI|HO;SVI
Visite Médecine Générale;VG;Soins courants;R;SVI|HO;SVI
Visite Spécialiste Médecine Générale;VGS;Soins courants;R;SVI|HO;SVI
Consultation obligatoire de l’enfant;COE;Soins courants;R;SVI|HO;SVI
Consultation sortie de maternité;CSM;Soins courants;R;SVI|HO;SVI
Consultations correspondant au niveau CCMU 3 du médecin urgentiste;U03;Soins courants;R;SVI|HO;SVI
Consultations correspondant au niveau CCMU 4 et 5 du médecin urgentiste;U45;Soins courants;R;SVI|HO;SVI
Majoration d’urgence;MUT;Soins courants;R;SVI|HO;SVI
Majoration MT;MRT;Soins courants;R;SVI|HO;SVI




















